"Time","Participant","Age","Sex","Handedness","Task","Group","Condition","Trial","Event","CurrentGazeTarget","CurrentGazeArea","EyePos_X","EyePos_Y","EyePos_Z","eyeAngleX","eyeAngleY","eyeAngleZ","HeadPos_X","HeadPos_Y","HeadPos_Z","HeadRot_X","HeadRot_Y","HeadRot_Z","HandPos_X","HandPos_Y","HandPos_Z","HandRot_X","HandRot_Y","HandRot_Z","RayCast_StartPos_X","RayCast_StartPos_Y","RayCast_StartPos_Z","RayCast_EndPos_X","RayCast_EndPos_Y","RayCast_EndPos_Z","Partner_HeadPos_X","Partner_HeadPos_Y","Partner_HeadPos_Z","Partner_HeadRot_X","Partner_HeadRot_Y","Partner_HeadRot_Z","Partner_HandPos_X","Partner_HandPos_Y","Partner_HandPos_Z","Partner_HandRot_X","Partner_HandRot_Y","Partner_HandRot_Z","Partner_RayCast_StartPos_X","Partner_RayCast_StartPos_Y","Partner_RayCast_StartPos_Z","Partner_RayCast_EndPos_X","Partner_RayCast_EndPos_Y","Partner_RayCast_EndPos_Z","RightPupil","LeftPupil"
638264963809255506,"sd10",24,"f","Right","Loom","e","comp",2,"playing","none","build_wall",13.3456,7.263148,9.86,2.717432,0.9269029,24.83434,12.26534,6.946033,0.0289835,-0.01323557,-0.06582862,0.0481312,12.396,6.455348,0.4242762,0.04954606,0.05370063,-0.0658711,12.39391,6.453972,0.4230401,13.34121,5.314312,10.31262,-9.529348,5.588963,-0.5246048,0.03313758,-0.9942316,-0.09002195,-9.621861,5.266657,-0.2170981,0.969969,0.09763896,-1.053665,-9.621861,5.266657,-1.053665,-11.00487,6.94538,-10.81426,3.458344,3.502151
638264963809365219,"sd10",24,"f","Right","Loom","e","comp",2,"playing","none","build_wall",13.28083,7.099838,9.86,2.556501,0.5143748,24.86327,12.26545,6.946239,0.02915497,-0.01407444,-0.06504324,0.04831899,12.39701,6.45678,0.4252444,0.04588228,0.05482459,-0.06772976,12.39544,6.455338,0.4241627,13.39915,5.398486,10.31737,-9.52906,5.589148,-0.5244904,0.03331754,-0.9940836,-0.09056397,-9.621457,5.266397,-0.2163897,0.9700992,0.09817088,-1.053162,-9.621457,5.266397,-1.053162,-11.01455,6.943696,-10.81257,3.458344,3.502151
638264963809484892,"sd10",24,"f","Right","Loom","e","comp",2,"playing","none","build_wall",13.29574,7.117696,9.86,2.593503,0.5590342,24.85847,12.26555,6.946402,0.02936292,-0.01477882,-0.06482077,0.0484915,12.39824,6.458213,0.42618,0.04299831,0.0549981,-0.06872065,12.39655,6.456795,0.4251526,13.42571,5.469345,10.32292,-9.52877,5.589333,-0.5243759,0.03349738,-0.9939317,-0.09110567,-9.621049,5.266138,-0.2156808,0.9702284,0.09870291,-1.052658,-9.621049,5.266138,-1.052658,-11.0055,6.956879,-10.81097,3.614273,3.689896
638264963809594597,"sd10",24,"f","Right","Loom","e","comp",2,"playing","none","build_wall",13.24297,7.09024,9.86,2.461223,0.4896197,24.87356,12.26569,6.94651,0.02946252,-0.01527309,-0.06464815,0.04856069,12.39915,6.459849,0.4271576,0.04047216,0.05253386,-0.06923066,12.39755,6.458312,0.4260657,13.43335,5.526865,10.32857,-9.528481,5.589518,-0.5242615,0.03367707,-0.993776,-0.091647,-9.620641,5.265879,-0.2149722,0.9703566,0.09923452,-1.052155,-9.620641,5.265879,-1.052155,-10.99644,6.970052,-10.80936,3.586487,3.747101
638264963809694330,"sd10",24,"f","Right","Loom","e","comp",2,"playing","GameObject","build_wall",13.2097,7.028937,10.16,2.308223,0.324708,24.89089,12.26569,6.946547,0.02958789,-0.01549097,-0.06479228,0.04870387,12.39972,6.4614,0.4277965,0.03895831,0.04878968,-0.06857745,12.39852,6.459947,0.4269542,13.38853,5.581468,10.33898,-9.528193,5.589703,-0.524147,0.03385666,-0.9936163,-0.09218803,-9.620237,5.265619,-0.2142626,0.9704837,0.09976654,-1.051651,-9.620237,5.265619,-1.051651,-10.98736,6.983202,-10.80772,3.586487,3.747101
638264963809814017,"sd10",24,"f","Right","Loom","e","comp",2,"playing","none","build_wall",13.23895,7.124359,9.86,2.450901,0.5757871,24.87263,12.2657,6.946573,0.02969635,-0.01554284,-0.06509608,0.04885455,12.40012,6.463059,0.428597,0.03836965,0.04570022,-0.06828538,12.39914,6.461426,0.4276565,13.31749,5.618697,10.34967,-9.527904,5.589888,-0.5240326,0.03403617,-0.9934527,-0.09272885,-9.619832,5.26536,-0.2135532,0.9706098,0.1002981,-1.051147,-9.619832,5.26536,-1.051147,-10.97825,6.99635,-10.80606,3.615601,3.729919
638264963809923724,"sd10",24,"f","Right","Loom","e","comp",2,"playing","none","build_wall",13.23281,7.125565,9.86,2.435559,0.5788768,24.87405,12.26569,6.946573,0.02978761,-0.01552102,-0.06534615,0.04886542,12.40062,6.464602,0.4294855,0.03725792,0.04482988,-0.07022956,12.39965,6.463181,0.4286092,13.25764,5.636497,10.35738,-9.527616,5.590071,-0.5239182,0.03421568,-0.9932851,-0.09326973,-9.619425,5.2651,-0.2128435,0.9707349,0.1008297,-1.050644,-9.619425,5.2651,-1.050644,-10.96912,7.009474,-10.80439,3.603668,3.823715
638264963810043398,"sd10",24,"f","Right","Loom","e","comp",2,"playing","GameObject","build_wall",13.21024,7.067021,10.16,2.309369,0.4181501,24.88953,12.2657,6.946599,0.02987197,-0.01522084,-0.06597716,0.04900309,12.40046,6.466421,0.4303598,0.03552671,0.0474951,-0.07520078,12.39982,6.4648,0.4293749,13.24061,5.659723,10.36139,-9.527326,5.590256,-0.5238037,0.03439503,-0.9931136,-0.09381018,-9.619023,5.264841,-0.2121316,0.9708593,0.1013626,-1.05014,-9.619023,5.264841,-1.05014,-10.95998,7.022586,-10.80269,3.603668,3.823715
638264963810144763,"sd10",24,"f","Right","Loom","e","comp",2,"playing","GameObject","build_wall",13.1984,7.026056,10.16,2.280562,0.3176767,24.89339,12.26575,6.946543,0.02994002,-0.01504612,-0.06661606,0.04888291,12.40052,6.46784,0.431164,0.03264699,0.04880592,-0.07530123,12.40007,6.466395,0.4302877,13.2923,5.687705,10.35992,-9.527038,5.590439,-0.5236893,0.03457436,-0.9929382,-0.0943506,-9.618617,5.264582,-0.2114169,0.9709832,0.1018974,-1.049644,-9.618617,5.264582,-1.049644,-10.95079,7.03572,-10.80097,3.580887,3.836533
638264963810264444,"sd10",24,"f","Right","Loom","e","comp",2,"playing","GameObject","build_wall",13.18542,7.02148,10.16,2.249144,0.306641,24.89638,12.26569,6.946476,0.0300198,-0.0148462,-0.06738451,0.04866944,12.4005,6.469338,0.4319579,0.02936703,0.04851922,-0.0739036,12.40021,6.467851,0.4312004,13.32281,5.744388,10.36223,-9.526748,5.590624,-0.5235748,0.03475416,-0.9927582,-0.0948925,-9.618211,5.264322,-0.2106979,0.9711066,0.102435,-1.049141,-9.618211,5.264322,-1.049141,-10.94155,7.048885,-10.79922,3.609848,3.808853
638264963810374151,"sd10",24,"f","Right","Loom","e","comp",2,"playing","GameObject","build_wall",13.16805,6.98295,10.16,2.206935,0.2120596,24.90122,12.26568,6.946442,0.03011875,-0.01470295,-0.06805024,0.04851811,12.4005,6.470623,0.4328059,0.0251942,0.04693678,-0.07179283,12.40021,6.469122,0.4318839,13.32306,5.812695,10.36755,-9.525044,5.590818,-0.5230255,0.03561559,-0.9920441,-0.09483066,-9.614407,5.263542,-0.208229,0.9717081,0.1037862,-1.046021,-9.614407,5.263542,-1.046021,-10.92983,7.061579,-10.7947,3.641342,3.82222
638264963810493830,"sd10",24,"f","Right","Loom","e","comp",2,"playing","GameObject","build_wall",13.10579,7.017143,10.16,2.055086,0.2963559,24.91331,12.2656,6.946409,0.03017801,-0.01458839,-0.06886631,0.04845341,12.40052,6.472065,0.4334502,0.02120572,0.04351062,-0.07029874,12.40035,6.470514,0.4326513,13.2992,5.901293,10.37589,-9.523336,5.591013,-0.5224838,0.03647378,-0.9912334,-0.09475961,-9.610602,5.262762,-0.2057533,0.972279,0.1051343,-1.042904,-9.610602,5.262762,-1.042904,-10.83403,7.110487,-10.79427,3.641342,3.82222
638264963810593564,"sd10",24,"f","Right","Loom","e","comp",2,"playing","GameObject","build_wall",13.12844,6.938262,10.16,2.110708,0.1024616,24.91047,12.26557,6.946349,0.03031763,-0.01440423,-0.06966829,0.04835474,12.4003,6.473367,0.434242,0.01926924,0.04038024,-0.06814122,12.4003,6.47202,0.4334183,13.2376,5.988294,10.38656,-9.521629,5.591208,-0.5219345,0.03732862,-0.990326,-0.09467931,-9.606798,5.261982,-0.203271,0.9728197,0.1064793,-1.039787,-9.606798,5.261982,-1.039787,-10.73789,7.158844,-10.79287,3.652405,3.827957
638264963810693297,"sd10",24,"f","Right","Loom","e","comp",2,"playing","GameObject","build_wall",13.11219,6.933482,10.16,2.071118,0.09078109,24.91384,12.26553,6.946322,0.03044185,-0.01433705,-0.07064876,0.04845086,12.40026,6.474737,0.4351313,0.01772646,0.03863943,-0.0665191,12.40016,6.473271,0.4342581,13.17886,6.03417,10.39422,-9.519921,5.591402,-0.5213852,0.03817997,-0.9893221,-0.09458978,-9.602994,5.261204,-0.2007822,0.97333,0.107821,-1.036667,-9.602994,5.261204,-1.036667,-10.64144,7.206639,-10.79048,3.561996,3.690201
638264963810812977,"sd10",24,"f","Right","Loom","e","comp",2,"playing","GameObject","build_wall",13.18577,7.009099,10.16,2.250591,0.2767361,24.89672,12.26552,6.946271,0.03053665,-0.0141493,-0.07160163,0.0485304,12.39986,6.47604,0.4359635,0.01718309,0.03829822,-0.06625555,12.40007,6.474652,0.435124,13.14692,6.069853,10.39898,-9.518218,5.591597,-0.5208435,0.03902777,-0.9882217,-0.09449102,-9.599186,5.260424,-0.1982868,0.9738099,0.1091595,-1.03355,-9.599186,5.260424,-1.03355,-10.54467,7.253869,-10.78713,3.561996,3.690201
638264963810912709,"sd10",24,"f","Right","Loom","e","comp",2,"playing","GameObject","build_wall",13.1777,7.048682,10.16,2.230781,0.3742267,24.89729,12.26551,6.946199,0.03060703,-0.01385959,-0.07254198,0.04871303,12.39968,6.47736,0.4368164,0.01614621,0.0379627,-0.06611122,12.39971,6.475997,0.435982,13.1406,6.082659,10.40074,-9.516512,5.591791,-0.5202942,0.03987187,-0.987025,-0.09438305,-9.595382,5.259645,-0.195785,0.9742594,0.1104946,-1.030434,-9.595382,5.259645,-1.030434,-10.44762,7.300528,-10.78279,3.662079,3.715363
638264963811042362,"sd10",24,"f","Right","Loom","e","comp",2,"playing","GameObject","build_wall",13.15864,7.042458,10.16,2.184539,0.3592543,24.90161,12.2654,6.946089,0.03061952,-0.01347364,-0.07343662,0.04884315,12.39921,6.478834,0.4378451,0.01553271,0.038414,-0.06909747,12.39957,6.477336,0.4368623,13.1352,6.105206,10.40282,-9.514805,5.591988,-0.5197449,0.04071216,-0.9857319,-0.09426588,-9.591578,5.258865,-0.193277,0.9746785,0.1118264,-1.027317,-9.591578,5.258865,-1.027317,-10.35028,7.346608,-10.77748,3.647781,3.777084
638264963811152066,"sd10",24,"f","Right","Loom","e","comp",2,"playing","GameObject","build_wall",13.1014,6.859704,10.16,2.045046,-0.08987938,24.91575,12.26536,6.945981,0.03067517,-0.01313839,-0.07445216,0.04898949,12.39901,6.480176,0.4387619,0.01413517,0.03870142,-0.07328264,12.39913,6.47879,0.43782,13.14347,6.116075,10.40348,-9.513099,5.592182,-0.5191956,0.04154855,-0.9843428,-0.0941395,-9.587773,5.258087,-0.1907623,0.9750671,0.113155,-1.0242,-9.587773,5.258087,-1.0242,-10.25266,7.392104,-10.77119,3.647781,3.777084
638264963811251797,"sd10",24,"f","Right","Loom","e","comp",2,"playing","GameObject","build_wall",13.10342,6.860389,10.16,2.050178,-0.08794819,24.91529,12.26526,6.945881,0.03068134,-0.01281295,-0.07530299,0.04907103,12.39888,6.481469,0.4395039,0.01223262,0.03853637,-0.07377695,12.399,6.480056,0.4386695,13.14957,6.141672,10.40472,-9.511391,5.592379,-0.5186501,0.04238102,-0.9828575,-0.09400394,-9.583969,5.257307,-0.1882406,0.9754254,0.1144806,-1.02108,-9.583969,5.257307,-1.02108,-10.15477,7.437016,-10.76393,3.695663,3.784058
638264963811361507,"sd10",24,"f","Right","Loom","e","comp",2,"playing","GameObject","build_wall",13.08633,6.853286,10.16,2.008587,-0.1053473,24.91861,12.26517,6.945843,0.03073421,-0.01249036,-0.07621902,0.04932284,12.39886,6.482565,0.4403443,0.01004227,0.03861055,-0.07161463,12.39893,6.48138,0.4395054,13.14886,6.180763,10.40681,-9.509452,5.592657,-0.5173569,0.04416224,-0.9805394,-0.09447515,-9.574559,5.254429,-0.1827947,0.9762979,0.1146788,-1.013721,-9.574559,5.254429,-1.013721,-10.05279,7.479585,-10.75128,3.666626,3.780411
638264963811481188,"sd10",24,"f","Right","Loom","e","comp",2,"playing","GameObject","build_wall",13.13468,6.894066,10.16,2.126959,-0.004849536,24.90902,12.26507,6.945778,0.03081888,-0.01219967,-0.07719648,0.04946108,12.39888,6.483708,0.4411887,0.007641098,0.03865322,-0.06773502,12.39891,6.482553,0.4403751,13.15412,6.227086,10.40854,-9.507514,5.592936,-0.5160599,0.04593592,-0.978033,-0.09492856,-9.565152,5.251551,-0.177272,0.9767913,0.1148325,-1.006359,-9.565152,5.251551,-1.006359,-9.662269,7.552012,-10.73767,3.624878,3.673645
638264963811580920,"sd10",24,"f","Right","Loom","e","comp",2,"playing","GameObject","build_wall",13.01617,6.809554,10.16,1.837379,-0.212726,24.93133,12.26494,6.945706,0.03088117,-0.01183927,-0.07793117,0.04967178,12.39883,6.484831,0.44205,0.004555143,0.03760725,-0.06301679,12.39887,6.483734,0.4412431,13.15921,6.279009,10.41019,-9.505571,5.593214,-0.5147667,0.04770163,-0.9753382,-0.095364,-9.55574,5.248672,-0.1716751,0.9769043,0.1149417,-0.9990005,-9.55574,5.248672,-0.9990005,-9.270703,7.618583,-10.70994,3.624878,3.673645
638264963811690629,"sd10",24,"f","Right","Loom","e","comp",2,"playing","GameObject","build_wall",13.00163,6.802193,10.16,1.801781,-0.230674,24.93376,12.2649,6.945624,0.03093651,-0.01158215,-0.07889107,0.05001462,12.39872,6.485906,0.4427571,0.001555728,0.03626519,-0.0593515,12.3988,6.484791,0.4419849,13.14318,6.34655,10.41328,-9.503633,5.593493,-0.5134735,0.04945887,-0.9724557,-0.09578136,-9.546329,5.245794,-0.1660068,0.9766358,0.115006,-0.9916382,-9.546329,5.245794,-0.9916382,-8.878745,7.67916,-10.66806,3.663193,3.562561
638264963811810308,"sd10",24,"f","Right","Loom","e","comp",2,"playing","Network Neutral CubeClone160","build_wall",12.90876,6.841374,9.901783,1.615353,-0.1376006,24.94703,12.26478,6.945544,0.03092411,-0.01127685,-0.07971522,0.05036373,12.39857,6.487184,0.4434947,-0.001832707,0.03484279,-0.05840969,12.39865,6.486042,0.4427281,13.12037,6.41191,10.41637,-9.501695,5.593771,-0.5121765,0.05120722,-0.969386,-0.09618051,-9.536922,5.242916,-0.1602697,0.9759851,0.1150253,-0.9842758,-9.536922,5.242916,-0.9842758,-8.487039,7.733623,-10.61205,3.679611,3.553894
638264963811910040,"sd10",24,"f","Right","Loom","e","comp",2,"playing","GameObject","build_wall",13.00408,6.875515,10.16,1.80815,-0.04980289,24.93435,12.26471,6.945474,0.03096357,-0.01101436,-0.0806081,0.05068501,12.39833,6.488507,0.4441009,-0.003264183,0.03502968,-0.06409054,12.39848,6.487258,0.4433812,13.09589,6.483099,10.41903,-9.499758,5.594049,-0.5108833,0.05294622,-0.9661295,-0.09656133,-9.527513,5.240038,-0.1544669,0.974952,0.1149997,-0.9769135,-9.527513,5.240038,-0.9769135,-8.096234,7.781859,-10.54199,3.679611,3.553894
638264963812039690,"sd10",24,"f","Right","Loom","e","comp",2,"playing","Network Neutral CubeClone160","build_wall",13.10793,6.89949,9.907531,2.114841,0.009583822,24.90996,12.26455,6.945419,0.03088085,-0.01079663,-0.08140549,0.05097859,12.39806,6.489805,0.4445597,-0.003096972,0.03519544,-0.06974264,12.39819,6.488577,0.4438948,13.10113,6.508761,10.41914,-9.49782,5.59433,-0.5095901,0.05467539,-0.9626874,-0.09692371,-9.518105,5.23716,-0.1486013,0.9735364,0.1149289,-0.9695511,-9.518105,5.23716,-0.9695511,-7.706981,7.823771,-10.45793,3.626617,3.68602
638264963812134515,"sd10",24,"f","Right","Loom","e","comp",2,"playing","Network Neutral CubeClone160","build_wall",13.09217,6.895396,9.907531,2.075693,-0.0006551389,24.91325,12.2644,6.945384,0.03089491,-0.01058752,-0.0823516,0.05110449,12.39795,6.491093,0.4452061,-0.003475919,0.03442067,-0.07264633,12.39809,6.489774,0.4444788,13.10415,6.502442,10.41951,-9.495879,5.594608,-0.5082932,0.05639444,-0.9590597,-0.09726757,-9.508696,5.234282,-0.1426758,0.9717386,0.1148131,-0.9621887,-9.508696,5.234282,-0.9621887,-7.31992,7.859274,-10.35999,3.662674,3.523315
638264963812254200,"sd10",24,"f","Right","Loom","e","comp",2,"playing","Network Neutral CubeClone160","build_wall",13.02596,6.933528,9.908013,1.909916,0.09574997,24.92672,12.26426,6.945319,0.03092077,-0.01042015,-0.08314127,0.05127385,12.3978,6.492187,0.445733,-0.003023254,0.0329898,-0.07167222,12.39793,6.490953,0.4450873,13.08916,6.510282,10.42115,-9.493941,5.594889,-0.5069962,0.0581028,-0.9552478,-0.0975928,-9.499284,5.231405,-0.1366933,0.9695593,0.1146522,-0.9548264,-9.499284,5.231405,-0.9548264,-6.935695,7.888298,-10.24831,3.64183,3.674301
638264963812373876,"sd10",24,"f","Right","Loom","e","comp",2,"playing","Network Neutral CubeClone160","build_wall",13.06409,6.942222,9.908013,2.005961,0.1178492,24.91887,12.26408,6.945242,0.03100857,-0.01007131,-0.08404127,0.05139114,12.39771,6.493264,0.4462917,-0.003498709,0.03170854,-0.06959412,12.39783,6.492032,0.4456364,13.05989,6.505071,10.42369,-9.492005,5.595167,-0.505703,0.059801,-0.9512501,-0.09789945,-9.489884,5.228529,-0.1306569,0.9669995,0.1144463,-0.9474716,-9.489884,5.228529,-0.9474716,-6.554946,7.910785,-10.12307,3.64183,3.674301
638264963812483580,"sd10",24,"f","Right","Loom","e","comp",2,"playing","Network Neutral CubeClone160","build_wall",13.06882,6.968024,9.912188,2.017242,0.1831141,24.91777,12.26394,6.945144,0.03102542,-0.009825153,-0.0849762,0.05163408,12.39771,6.494076,0.4468571,-0.005858721,0.03150603,-0.06502379,12.39782,6.493068,0.4462377,13.03496,6.518767,10.42589,-9.492005,5.595167,-0.505703,0.05981239,-0.9512227,-0.09790146,-9.489884,5.228529,0.1305625,-0.9669567,-0.1144428,-0.9474716,-9.489884,5.228529,-0.9474716,-6.184086,7.928993,-9.990656,3.654434,3.684814
638264963812593286,"sd10",24,"f","Right","Loom","e","comp",2,"playing","Network Neutral CubeClone160","build_wall",13.05029,6.96298,9.912188,1.971158,0.1706768,24.92155,12.26379,6.945042,0.03109986,-0.009482989,-0.08592686,0.0517293,12.3977,6.495162,0.4475505,-0.008564236,0.03151512,-0.06253508,12.39773,6.494026,0.4468624,13.0338,6.569936,10.42632,-9.491376,5.595188,-0.5044212,0.05997176,-0.9490027,-0.0980525,-9.480409,5.222656,0.1271365,-0.9644505,-0.1054962,-0.9383316,-9.480409,5.222656,-0.9383316,-6.172825,7.924713,-9.980388,3.653091,3.680817
638264963812693021,"sd10",24,"f","Right","Loom","e","comp",2,"playing","Network Neutral CubeClone160","build_wall",13.05669,6.983467,9.914824,1.98693,0.2224961,24.91961,12.26364,6.944953,0.03111887,-0.00915326,-0.08673456,0.05198829,12.39764,6.496089,0.4481334,-0.01177572,0.03209677,-0.06067489,12.39772,6.494999,0.4474934,13.03716,6.626495,10.42616,-9.49075,5.595209,-0.5031357,0.06012775,-0.9467287,-0.098198,-9.470938,5.216784,0.1236446,-0.961476,-0.09648725,-0.9291992,-9.470938,5.216784,-0.9291992,-5.764592,7.777592,-9.856979,3.653091,3.680817
638264963812822673,"sd10",24,"f","Right","Loom","e","comp",2,"playing","Network Neutral CubeClone160","build_wall",13.02715,6.926829,9.914662,1.913247,0.07983825,24.92617,12.26352,6.944897,0.03112039,-0.008819107,-0.08756897,0.0520974,12.39751,6.497101,0.448579,-0.01370976,0.03307247,-0.06236422,12.39761,6.495996,0.4479958,13.05228,6.692019,10.42462,-9.490124,5.59523,-0.5018539,0.06028035,-0.9444008,-0.09833796,-9.461462,5.210911,0.120089,-0.9580336,-0.08742139,-0.9200592,-9.461462,5.210911,-0.9200592,-5.362788,7.626095,-9.715953,3.579254,3.365372
638264963812942354,"sd10",24,"f","Right","Loom","e","comp",2,"playing","Network Neutral CubeClone160","build_wall",13.01074,6.919725,9.914662,1.872428,0.06217321,24.92932,12.26337,6.944799,0.03119627,-0.008541077,-0.08830473,0.05230265,12.39746,6.498074,0.4489666,-0.01476967,0.03281447,-0.06504618,12.39752,6.497079,0.4484724,13.07435,6.729321,10.42284,-9.489498,5.595251,-0.500576,0.06042955,-0.9420191,-0.09847237,-9.451986,5.205038,0.1164719,-0.9541239,-0.07830437,-0.9109192,-9.451986,5.205038,-0.9109192,-4.968254,7.470514,-9.557523,3.589478,3.350998
638264963813002194,"sd10",24,"f","Right","Loom","e","comp",2,"Network Neutral CubeClone160was placed in dropzone","Network Neutral CubeClone160","build_wall",13.01074,6.919725,9.914662,1.872428,0.06217321,24.92932,12.26336,6.944792,0.03120062,-0.008583017,-0.08830839,0.05230186,12.39749,6.498053,0.4488208,-0.0135452,0.03215641,-0.06568985,12.39749,6.498053,0.4488208,6.749946,NA,10.42292,-9.488873,5.595272,-0.4992905,0.06057534,-0.9395836,-0.09860121,-9.442515,5.199165,0.1127953,-0.9497482,-0.06914191,-0.9017868,-9.442515,5.199165,-0.9017868,-4.581826,7.311149,-9.381952,3.589478,3.350998
638264963813064702,"sd10",24,"f","Right","Loom","e","comp",2,"playing","Network Neutral CubeClone160","build_wall",13.04288,6.948812,9.911338,1.954061,0.1357546,24.923,12.26319,6.94472,0.03122461,-0.008296471,-0.08901295,0.05252141,12.39739,6.499094,0.4492526,-0.01418777,0.03151155,-0.06604567,12.39749,6.498053,0.4488208,13.07116,6.749946,10.42292,-9.488873,5.595272,-0.4992905,0.06057534,-0.9395836,-0.09860121,-9.442515,5.199165,0.1127953,-0.9497482,-0.06914191,-0.9017868,-9.442515,5.199165,-0.9017868,-4.581826,7.311149,-9.381952,3.588638,3.635498
638264963813164434,"sd10",24,"f","Right","Loom","e","comp",2,"playing","Network Neutral CubeClone160","build_wall",13.14559,7.042488,9.911338,2.211434,0.3719747,24.89886,12.263,6.944619,0.03133018,-0.007964024,-0.08976683,0.05291123,12.39721,6.500008,0.4494933,-0.0129416,0.02995974,-0.06609554,12.39739,6.499026,0.4491333,13.04461,6.74039,10.42525,-9.488246,5.595293,-0.4980087,0.06071771,-0.9370948,-0.09872445,-9.433042,5.193293,0.1090615,-0.9449084,-0.05993989,-0.8926468,-9.433042,5.193293,-0.8926468,-4.20432,7.148311,-9.189537,3.588638,3.635498
638264963813274140,"sd10",24,"f","Right","Loom","e","comp",2,"playing","Network Neutral CubeClone160","build_wall",13.15024,7.040354,9.913747,2.222933,0.3667324,24.89793,12.26281,6.944522,0.03136253,-0.007584278,-0.09053528,0.05321788,12.39717,6.50094,0.4498383,-0.01293147,0.02887359,-0.06686466,12.39725,6.499992,0.4494697,13.01191,6.718521,10.42817,-9.487617,5.595314,-0.496727,0.06085666,-0.9345522,-0.09884211,-9.423566,5.18742,0.1052728,-0.9396067,-0.05070411,-0.8835106,-9.423566,5.18742,-0.8835106,-3.836526,6.982322,-8.980628,3.588882,3.679276
638264963813373872,"sd10",24,"f","Right","Loom","e","comp",2,"playing","Network Neutral CubeClone160","build_wall",13.13498,7.033109,9.913747,2.185367,0.3488447,24.90152,12.26254,6.944391,0.03140381,-0.007303778,-0.09122723,0.05362333,12.39714,6.50168,0.4499817,-0.01391174,0.02821925,-0.06717531,12.3972,6.500741,0.4497439,12.99037,6.720115,10.42972,-9.487477,5.595106,-0.4957542,0.06093416,-0.9331377,-0.09782729,-9.416069,5.182552,0.101834,-0.9359462,-0.04304796,-0.8762665,-9.416069,5.182552,-0.8762665,-3.480438,6.814211,-8.757001,3.60022,3.657898
638264963813473608,"sd10",24,"f","Right","Loom","e","comp",2,"playing","Network Neutral CubeClone160","build_wall",13.11929,7.022983,9.918224,2.145658,0.323629,24.90521,12.26232,6.94423,0.03146195,-0.006870396,-0.0920614,0.05392876,12.39707,6.502363,0.4503393,-0.01572669,0.02848932,-0.06624237,12.39714,6.501602,0.4499758,12.97866,6.741184,10.43018,-9.487336,5.594898,-0.4947815,0.06101042,-0.9317037,-0.09681036,-9.408573,5.177685,0.09836825,-0.9320552,-0.03537633,-0.8690186,-9.408573,5.177685,-0.8690186,-3.240664,6.665973,-8.598307,3.60022,3.657898
638264963813583313,"sd10",24,"f","Right","Loom","e","comp",2,"playing","Network Neutral CubeClone160","build_wall",13.10285,7.014603,9.918224,2.104974,0.3028603,24.90895,12.26211,6.944108,0.03150016,-0.006429579,-0.09290874,0.0542995,12.39711,6.50287,0.4506491,-0.01719583,0.02920166,-0.06520254,12.39716,6.502182,0.4503463,12.9862,6.778174,10.42917,-9.487195,5.59469,-0.4938087,0.06108543,-0.9302506,-0.0957914,-9.401073,5.172817,0.09487645,-0.9279344,-0.02769165,-0.8617706,-9.401073,5.172817,-0.8617706,-3.006706,6.516328,-8.431912,3.593445,3.625809
638264963813643157,"sd10",24,"f","Right","Loom","e","comp",2,"Network Neutral CubeClone162 was picked up by P2","Network Neutral CubeClone160","build_wall",13.10285,7.014603,9.918224,2.104974,0.3028603,24.90895,12.26204,6.944059,0.03145973,-0.006409453,-0.09296978,0.05422598,12.39709,6.502759,0.4506819,-0.01777193,0.03033304,-0.06507147,12.39709,6.502759,0.4506819,6.807702,NA,10.42771,-9.487053,5.594482,-0.492836,0.06115918,-0.9287783,-0.0947704,-9.393576,5.167948,0.0913597,-0.9235845,-0.01999638,-0.8545303,-9.393576,5.167948,-0.8545303,-2.778815,6.365427,-8.257974,3.593445,3.625809
638264963813712976,"sd10",24,"f","Right","Loom","e","comp",2,"playing","Network Neutral CubeClone160","build_wall",13.07436,6.995399,9.917667,2.034523,0.2549921,24.91538,12.26181,6.943932,0.03147957,-0.0060314,-0.0936963,0.05446406,12.39707,6.503413,0.4510313,-0.01889559,0.03123733,-0.06514452,12.39709,6.502759,0.4506819,13.00197,6.807702,10.42771,-9.487053,5.594482,-0.492836,0.06115918,-0.9287783,-0.0947704,-9.393576,5.167948,0.0913597,-0.9235845,-0.01999638,-0.8545303,-9.393576,5.167948,-0.8545303,-2.778815,6.365427,-8.257974,3.592804,3.653259
638264963813822672,"sd10",24,"f","Right","Loom","e","comp",2,"playing","Network Neutral CubeClone160","build_wall",13.07038,6.984344,9.916211,2.025506,0.2275216,24.91651,12.26155,6.943792,0.03149188,-0.005556574,-0.09442666,0.05456204,12.39712,6.503968,0.4512835,-0.01889791,0.034345,-0.06726453,12.39705,6.503358,0.4509378,13.04467,6.839533,10.42428,-9.486916,5.594275,-0.4918594,0.06123169,-0.9272869,-0.09374744,-9.386079,5.16308,0.08781918,-0.9190069,-0.01229313,-0.8472824,-9.386079,5.16308,-0.8472824,-2.557233,6.213423,-8.076643,3.592804,3.653259
638264963813922414,"sd10",24,"f","Right","Loom","e","comp",2,"playing","Network Neutral CubeClone160","build_wall",13.07747,7.046515,9.916211,2.043828,0.3845187,24.913,12.26122,6.943661,0.03147295,-0.004984736,-0.09525144,0.05485084,12.39719,6.504478,0.4515386,-0.01904067,0.03548667,-0.06688379,12.39718,6.503842,0.4512306,13.1074,6.83449,10.4205,-9.486774,5.594067,-0.4908905,0.06130293,-0.9257762,-0.09272245,-9.378583,5.158211,0.08425597,-0.9142027,-0.004584268,-0.8400345,-9.378583,5.158211,-0.8400345,-2.342201,6.060471,-7.888103,3.589111,3.707153
638264963814032109,"sd10",24,"f","Right","Loom","e","comp",2,"playing","Network Neutral CubeClone160","build_wall",13.06067,7.035223,9.908996,2.003923,0.3567556,24.91666,12.26092,6.943506,0.03148997,-0.004554594,-0.09613997,0.05509174,12.39743,6.504743,0.4515674,-0.02000126,0.03465813,-0.06311868,12.39731,6.504318,0.4513378,13.1303,6.836551,10.4189,-9.486631,5.593859,-0.4899139,0.06137291,-0.9242468,-0.09169571,-9.371082,5.153343,0.0806712,-0.9091732,0.003127672,-0.8327942,-9.371082,5.153343,-0.8327942,-2.133935,5.906727,-7.692541,3.589462,3.683807
638264963814146866,"sd10",24,"f","Right","Loom","e","comp",2,"playing","Network Neutral CubeClone160","build_wall",13.08536,6.989755,9.908996,2.066702,0.2424022,24.91302,12.26057,6.943347,0.0314936,-0.003939399,-0.09725678,0.05542488,12.39748,6.505075,0.4518061,-0.02172501,0.03290588,-0.05933845,12.39746,6.504661,0.4515154,13.11392,6.859843,10.41949,-9.48649,5.593649,-0.488945,0.06144164,-0.9226978,-0.0906668,-9.363585,5.148474,0.07706622,-0.9039204,0.01083981,-0.8255463,-9.363585,5.148474,-0.8255463,-1.932667,5.752346,-7.490137,3.589462,3.683807
638264963814256581,"sd10",24,"f","Right","Loom","e","comp",2,"playing","Network Neutral CubeClone160","build_wall",13.01288,7.032178,9.90799,1.885848,0.3499839,24.92623,12.26022,6.943206,0.03154945,-0.003500449,-0.09834668,0.05566544,12.3976,6.505229,0.4519008,-0.0239986,0.02986157,-0.05596264,12.39751,6.504969,0.4517577,13.07973,6.899348,10.42066,-9.486347,5.593441,-0.4879684,0.06150911,-0.9211302,-0.08963616,-9.356089,5.143606,0.0734418,-0.8984451,0.01855047,-0.8182983,-9.356089,5.143606,-0.8182983,-1.738607,5.597495,-7.281113,3.586411,3.620789
638264963814356316,"sd10",24,"f","Right","Loom","e","comp",2,"playing","Network Neutral CubeClone160","build_wall",12.99116,7.02315,9.90799,1.832333,0.3275029,24.93052,12.2598,6.943105,0.03158242,-0.002939945,-0.09973732,0.05591927,12.39772,6.505743,0.4522014,-0.02547111,0.0288555,-0.05604912,12.39757,6.505206,0.4518626,13.0203,6.950657,10.42251,-9.486264,5.593319,-0.4873505,0.06147595,-0.9206219,-0.08874894,-9.352511,5.14296,0.07579401,-0.8978863,0.02074628,-0.8162727,-9.352511,5.14296,-0.8162727,-1.554466,5.445134,-7.069207,3.58374,3.599335
638264963814475986,"sd10",24,"f","Right","Loom","e","comp",2,"playing","Network Neutral CubeClone160","build_wall",12.98504,7.029321,9.911008,1.817429,0.3433062,24.93128,12.25937,6.942977,0.03164887,-0.002475508,-0.1014433,0.05606291,12.39767,6.506164,0.4522179,-0.02539111,0.0298366,-0.06180147,12.39762,6.505806,0.4520777,13.00198,6.98168,10.42245,-9.486181,5.593197,-0.4867249,0.06144259,-0.9201107,-0.08786151,-9.348938,5.142313,0.0781454,-0.8973175,0.02294188,-0.8142395,-9.348938,5.142313,-0.8142395,-1.539771,5.426601,-7.054119,3.52684,3.610703
638264963814565750,"sd10",24,"f","Right","Loom","e","comp",2,"playing","Network Neutral CubeClone160","build_wall",13.0275,7.043357,9.911008,1.925181,0.3788715,24.92267,12.25886,6.942868,0.03166756,-0.00202555,-0.1035304,0.05616768,12.3977,6.506533,0.4522416,-0.02525195,0.03108829,-0.06536012,12.3977,6.506172,0.4521595,13.02421,6.97575,10.42146,-9.486097,5.593077,-0.4861069,0.06140903,-0.9195963,-0.08697347,-9.345366,5.141666,0.0804959,-0.8967388,0.02513721,-0.8122139,-9.345366,5.141666,-0.8122139,-1.525056,5.408173,-7.038909,3.52684,3.610703
638264963814695405,"sd10",24,"f","Right","Loom","e","comp",2,"playing","Network Neutral CubeClone160","build_wall",12.9856,7.032507,9.909962,1.821868,0.3519409,24.93083,12.25822,6.942753,0.03163685,-0.001566539,-0.1060664,0.05618503,12.3976,6.50673,0.4520945,-0.02492851,0.03343251,-0.06729993,12.39762,6.506425,0.4521366,13.05059,6.969373,10.42005,-9.486012,5.592955,-0.4854851,0.06137527,-0.919079,-0.08608516,-9.34179,5.14102,0.08284573,-0.8961501,0.02733246,-0.8101807,-9.34179,5.14102,-0.8101807,-1.510325,5.389849,-7.023571,3.55455,3.615997
638264963814805111,"sd10",24,"f","Right","Loom","e","comp",2,"playing","Network Neutral CubeClone160","build_wall",13.00745,6.977724,9.90855,1.878942,0.2138156,24.9282,12.25747,6.942697,0.03165042,-0.0008847434,-0.1091211,0.05621753,12.39764,6.506376,0.452023,-0.02516648,0.03403041,-0.06546019,12.39759,6.506674,0.4519264,13.0977,6.958695,10.41714,-9.485928,5.592833,-0.4848633,0.06134133,-0.9185589,-0.08519677,-9.338217,5.140373,0.08519462,-0.8955513,0.0295274,-0.8081512,-9.338217,5.140373,-0.8081512,-1.495574,5.371631,-7.008108,3.587997,3.702301
638264963814914817,"sd10",24,"f","Right","Loom","e","comp",2,"playing","Network Neutral CubeClone160","build_wall",12.98598,7.024817,9.90855,1.827255,0.3329069,24.93082,12.25654,6.942621,0.03164321,-0.0002203565,-0.1130486,0.05623378,12.39764,6.506351,0.4515024,-0.02535634,0.03090203,-0.0593688,12.39763,6.506231,0.4515853,13.10911,6.963518,10.41576,-9.485843,5.592712,-0.4842415,0.06130718,-0.9180357,-0.08430803,-9.334645,5.139727,0.08754206,-0.8949428,0.03172151,-0.8061218,-9.334645,5.139727,-0.8061218,-1.480807,5.353519,-6.992519,3.587997,3.702301
638264963815024519,"sd10",24,"f","Right","Loom","e","comp",2,"playing","none","build_wall",11.81877,6.459373,9.86,-1.123069,-1.1003,24.95041,12.25555,6.942453,0.03167006,0.0004011374,-0.1176988,0.05627274,12.3973,6.50582,0.4504995,-0.02796455,0.02230138,-0.04956874,12.39748,6.506023,0.4510202,13.04409,6.975259,10.41905,-9.485758,5.59259,-0.4836197,0.06127285,-0.9175098,-0.08341925,-9.331068,5.13908,0.08988842,-0.8943244,0.0339152,-0.8040924,-9.331068,5.13908,-0.8040924,-1.466021,5.335519,-6.97681,3.559845,3.729156
638264963815144197,"sd10",24,"f","Right","Loom","e","comp",2,"playing","none","build_wall",11.72631,6.441642,9.86,-1.354207,-1.144225,24.93695,12.25442,6.942271,0.03162189,0.001188058,-0.1239235,0.05630977,12.39658,6.505567,0.4495439,-0.03172831,0.01277915,-0.04098476,12.39706,6.50573,0.450148,12.87005,7.04189,10.42456,-9.485673,5.59247,-0.4829979,0.0612383,-0.9169807,-0.08252963,-9.327497,5.138435,0.09223376,-0.8936961,0.03610848,-0.802063,-9.327497,5.138435,-0.802063,-1.451225,5.317629,-6.960978,3.440079,3.62915
638264963815214013,"sd10",24,"f","Right","Loom","e","comp",2,"Network Neutral CubeClone160 was dropped in DropzonePlaceHolderClone3 by P1","none","build_wall",11.72631,6.441642,9.86,-1.354207,-1.144225,24.93695,12.25317,6.941985,0.03145131,0.002115026,-0.1310946,0.05609447,12.3949,6.505535,0.448364,-0.03284473,0.007245243,-0.03887602,12.39552,6.505634,0.4490313,7.128787,NA,10.42562,-9.485587,5.592348,-0.4823761,0.06120339,-0.916446,-0.08163536,-9.323923,5.137789,0.09457541,-0.8930585,0.03829886,-0.8000336,-9.323923,5.137789,-0.8000336,-1.436411,5.299848,-6.945024,3.440079,3.62915
638264963815223985,"sd10",24,"f","Right","Loom","e","comp",2,"Network Neutral CubeClone160 was dropped in DropzonePlaceHolderClone3","none","build_wall",11.72631,6.441642,9.86,-1.354207,-1.144225,24.93695,12.25317,6.941985,0.03145131,0.002115026,-0.1310946,0.05609447,12.3949,6.505535,0.448364,-0.03284473,0.007245243,-0.03887602,12.39552,6.505634,0.4490313,7.128787,NA,10.42562,-9.485587,5.592348,-0.4823761,0.06120339,-0.916446,-0.08163536,-9.323923,5.137789,0.09457541,-0.8930585,0.03829886,-0.8000336,-9.323923,5.137789,-0.8000336,-1.436411,5.299848,-6.945024,3.440079,3.62915
638264963815353646,"sd10",24,"f","Right","Loom","e","comp",2,"playing","none","background_wall",8.600208,4.880664,15.17005,-5.824452,-3.202549,24.1,12.25317,6.941985,0.03145131,0.002115026,-0.1310946,0.05609447,12.3949,6.505535,0.448364,-0.03284473,0.007245243,-0.03887602,12.39552,6.505634,0.4490313,12.67709,7.128787,10.42562,-9.485587,5.592348,-0.4823761,0.06120339,-0.916446,-0.08163536,-9.323923,5.137789,0.09457541,-0.8930585,0.03829886,-0.8000336,-9.323923,5.137789,-0.8000336,-1.436411,5.299848,-6.945024,3.413635,3.472443
638264963815473323,"sd10",24,"f","Right","Loom","e","comp",2,"playing","none","background_wall",5.320949,3.68819,15.17005,-10.226,-4.723386,22.31837,12.25169,6.94173,0.03115277,0.003001956,-0.1401735,0.05511902,12.39208,6.505526,0.4468035,-0.02705121,0.01073089,-0.05499989,12.39357,6.505694,0.4479208,12.56426,7.156024,10.42529,-9.485205,5.592556,-0.4815445,0.0617862,-0.9151456,-0.08172478,-9.322219,5.140423,0.09532055,-0.8929029,0.03137799,-0.7992249,-9.322219,5.140423,-0.7992249,-1.423021,5.28438,-6.929636,3.512344,3.724503
638264963815573051,"sd10",24,"f","Right","Loom","e","comp",2,"playing","none","background_wall",1.6,2.380201,15.90769,-13.55963,-5.741263,20.20287,12.25032,6.94164,0.03094254,0.003629792,-0.147787,0.05444999,12.38928,6.50508,0.4446699,-0.0235738,0.008668005,-0.06091208,12.39124,6.505434,0.4460921,12.63547,7.033624,10.42915,-9.484824,5.592764,-0.4807129,0.0623684,-0.9138353,-0.08181332,-9.320514,5.143057,0.09606113,-0.8927034,0.02445465,-0.7984123,-9.320514,5.143057,-0.7984123,-1.422697,5.418606,-6.926101,3.512344,3.724503
638264963815672784,"sd10",24,"f","Right","Loom","e","comp",2,"playing","none","play_wall",1.635337,2.8806,11.25233,-16.62943,-6.283039,17.57776,12.24615,6.941359,0.03044586,0.005197449,-0.1706111,0.05269341,12.38223,6.503352,0.4398378,-0.01844279,-0.004279435,-0.06380939,12.38635,6.504184,0.4427536,12.58902,6.964344,10.43011,-9.484443,5.592972,-0.4798737,0.06294999,-0.9125149,-0.081901,-9.318812,5.145691,0.0967971,-0.8924602,0.01752926,-0.7975998,-9.318812,5.145691,-0.7975998,-1.423362,5.552795,-6.921008,3.404236,3.652649
638264963815792463,"sd10",24,"f","Right","Loom","e","comp",2,"playing","none","play_wall",1.635337,3.031157,10.23254,-17.43616,-6.340889,16.75607,12.24595,6.941477,0.0303099,0.00479757,-0.1724702,0.05258759,12.37938,6.501536,0.4381261,-0.01890551,-0.01913765,-0.0478106,12.38344,6.503098,0.4407687,12.32118,6.876694,10.43359,-9.484058,5.59318,-0.4790421,0.06353083,-0.9111849,-0.08198778,-9.317108,5.148325,0.09752841,-0.8921732,0.01060225,-0.7967911,-9.317108,5.148325,-0.7967911,-1.425007,5.686919,-6.91436,3.543274,3.820435
638264963815892201,"sd10",24,"f","Right","Loom","e","comp",2,"playing","Network Neutral CubeClone163","play_wall",1.901515,3.951284,7.234612,-19.98112,-5.677802,13.91055,12.24433,6.941481,0.03002407,0.004752478,-0.1819297,0.05177819,12.37545,6.499868,0.4355946,-0.01780352,-0.03258741,-0.03948258,12.37876,6.501046,0.4378437,12.01487,6.897046,10.42337,-9.483677,5.593388,-0.4782066,0.06411104,-0.909845,-0.08207369,-9.315407,5.150959,0.09825499,-0.8918425,0.003674153,-0.7959824,-9.315407,5.150959,-0.7959824,-1.427639,5.820951,-6.906157,3.543274,3.820435
638264963816011881,"sd10",24,"f","Right","Loom","e","comp",2,"playing","Network Neutral CubeClone163","play_wall",1.622302,4.095536,6.954251,-20.45378,-5.382563,13.32865,12.24277,6.941463,0.02962169,0.004583357,-0.1917842,0.05083604,12.36952,6.497883,0.4319321,-0.01629627,-0.05058762,-0.03133126,12.37389,6.499311,0.4346934,11.73769,6.880766,10.40714,-9.483296,5.593596,-0.4773712,0.0646907,-0.9084949,-0.08215872,-9.313703,5.153591,0.09897684,-0.891468,-0.003255002,-0.7951736,-9.313703,5.153591,-0.7951736,-1.431253,5.954859,-6.8964,3.491089,3.836014
638264963816111613,"sd10",24,"f","Right","Loom","e","comp",2,"playing","Network Neutral CubeClone163","play_wall",1.901515,4.073692,6.884183,-20.32266,-5.536237,13.46575,12.2412,6.941498,0.02927396,0.00434934,-0.2012177,0.04972124,12.36372,6.496249,0.428354,-0.01354309,-0.06700134,-0.02882273,12.36836,6.497563,0.4312885,11.36915,6.854668,10.37483,-9.482915,5.593803,-0.4765396,0.06526946,-0.9071355,-0.08224285,-9.312001,5.156223,0.09969393,-0.8910497,-0.01018492,-0.7943649,-9.312001,5.156223,-0.7943649,-1.435853,6.088624,-6.885089,3.651306,3.938751
638264963816231290,"sd10",24,"f","Right","Loom","e","comp",2,"playing","Network Neutral CubeClone163","play_wall",1.664422,4.063404,6.744416,-20.58952,-5.50428,13.06757,12.23976,6.941607,0.02884033,0.003969198,-0.2105217,0.04877982,12.35588,6.494451,0.4237226,-0.00780427,-0.08724776,-0.03423914,12.3619,6.496041,0.4274376,11.03401,6.804842,10.33407,-9.482531,5.594011,-0.475708,0.06584767,-0.905766,-0.08232611,-9.310294,5.158855,0.1004062,-0.8905877,-0.01711491,-0.7935524,-9.310294,5.158855,-0.7935524,-1.441429,6.222224,-6.872221,3.596222,3.850128
638264963816331028,"sd10",24,"f","Right","Loom","e","comp",2,"playing","Network Neutral CubeClone163","play_wall",1.658073,3.948381,6.744416,-20.55095,-5.714933,13.03782,12.2383,6.941685,0.02845155,0.00359446,-0.2193158,0.04797511,12.34883,6.493068,0.419292,-0.0001780819,-0.1062529,-0.04363383,12.35495,6.494545,0.4231292,10.62341,6.70965,10.26973,-9.482149,5.594219,-0.4748688,0.06642538,-0.9043863,-0.08240852,-9.308592,5.161488,0.1011139,-0.8900817,-0.02404799,-0.7927437,-9.308592,5.161488,-0.7927437,-1.44799,6.355623,-6.857806,3.596222,3.850128
638264963816460677,"sd10",24,"f","Right","Loom","e","comp",2,"playing","Network Neutral CubeClone163","play_wall",1.901515,3.82789,6.713258,-20.37353,-6.037316,13.17041,12.23697,6.941773,0.0280982,0.002908109,-0.2275835,0.04759995,12.3401,6.491236,0.4138392,0.009187533,-0.1304581,-0.04906331,12.34679,6.492799,0.4180612,10.23669,6.589149,10.19242,-9.481771,5.594425,-0.4740372,0.06700163,-0.9029986,-0.08248993,-9.306886,5.164122,0.1018166,-0.8895321,-0.03097902,-0.791935,-9.306886,5.164122,-0.791935,-1.455531,6.488863,-6.841835,3.367905,3.732742
638264963816570387,"sd10",24,"f","Right","Loom","e","comp",2,"playing","Network Neutral CubeClone163","play_wall",1.61425,3.789876,6.643752,-20.59999,-6.01388,12.82433,12.23568,6.94179,0.02772048,0.00262161,-0.2358179,0.04729877,12.33176,6.489384,0.4085113,0.01754389,-0.1539982,-0.04955152,12.33829,6.490926,0.4126898,9.746346,6.437095,10.07079,-9.481385,5.59482,-0.4731598,0.06787934,-0.9013583,-0.083766,-9.305495,5.167101,0.1035258,-0.8890892,-0.03537619,-0.7903442,-9.305495,5.167101,-0.7903442,-1.464436,6.622023,-6.823668,3.526733,3.666153
638264963816670118,"sd10",24,"f","Right","Loom","e","comp",2,"playing","Network Neutral CubeClone163","play_wall",1.659251,3.921162,6.533465,-20.71189,-5.815929,12.73522,12.2344,6.941747,0.02733162,0.002279699,-0.2441034,0.04682833,12.32325,6.48739,0.4029757,0.02406552,-0.1782392,-0.04812279,12.33011,6.489025,0.4074449,9.274413,6.295563,9.927176,-9.481004,5.595215,-0.4722824,0.06875611,-0.8997044,-0.08504093,-9.304109,5.17008,0.1052326,-0.8886266,-0.0397725,-0.7887497,-9.304109,5.17008,-0.7887497,-1.474241,6.718446,-6.813344,3.526733,3.666153
638264963816789799,"sd10",24,"f","Right","Loom","e","comp",2,"playing","Network Neutral CubeClone163","play_wall",1.901515,3.717023,6.835928,-20.22307,-6.211761,13.31993,12.2333,6.94174,0.02696544,0.002503337,-0.2520889,0.04641361,12.31446,6.485171,0.3971178,0.02815134,-0.204656,-0.04227077,12.32172,6.486929,0.4019208,8.796661,6.18574,9.75517,-9.480623,5.59561,-0.4713974,0.06963184,-0.8980371,-0.08631457,-9.302718,5.173059,0.1069373,-0.8881438,-0.04416833,-0.7871628,-9.302718,5.173059,-0.7871628,-1.4847,6.81473,-6.802436,3.504135,3.730957
638264963816899506,"sd10",24,"f","Right","Loom","e","comp",2,"playing","Network Neutral CubeClone163","play_wall",1.901515,3.938213,6.97501,-20.18769,-5.769422,13.57041,12.23232,6.941716,0.02653526,0.002314141,-0.2594443,0.04579479,12.30513,6.482772,0.3907525,0.03154125,-0.2328587,-0.0376157,12.31356,6.484886,0.3965427,8.288992,6.107635,9.543156,-9.480242,5.596006,-0.47052,0.07050657,-0.8963562,-0.08758698,-9.301328,5.176039,0.1086395,-0.887641,-0.04856333,-0.7855682,-9.301328,5.176039,-0.7855682,-1.495815,6.910874,-6.790926,3.55336,3.592377
638264963817009213,"sd10",24,"f","Right","Loom","e","comp",2,"playing","Network Neutral CubeClone163","play_wall",1.901515,3.976464,6.744154,-20.39823,-5.754642,13.25826,12.23144,6.94173,0.02614219,0.002304714,-0.2659335,0.04531424,12.29633,6.480948,0.3848788,0.03579374,-0.2583212,-0.03568307,12.30439,6.482738,0.3903389,7.757536,6.045231,9.286107,-9.47986,5.596403,-0.4696426,0.07138033,-0.8946616,-0.08885822,-9.299941,5.179018,0.1103394,-0.8871182,-0.05295733,-0.7839813,-9.299941,5.179018,-0.7839813,-1.507585,7.006869,-6.778825,3.471085,3.629974
638264963817108945,"sd10",24,"f","Right","Loom","e","comp",2,"playing","Network Neutral CubeClone163","play_wall",1.901515,3.670132,7.252091,-19.85033,-6.189083,13.87945,12.23063,6.941785,0.02584606,0.002253003,-0.2715718,0.04506921,12.28674,6.479065,0.3783611,0.04341618,-0.2833585,-0.03860335,12.29566,6.480952,0.3844437,7.286112,5.974675,9.024355,-9.479479,5.596798,-0.4687614,0.07225292,-0.8929539,-0.09012797,-9.298551,5.181999,0.1120368,-0.8865756,-0.05735012,-0.7823868,-9.298551,5.181999,-0.7823868,-1.520006,7.102702,-6.766128,3.471085,3.629974
638264963817228631,"sd10",24,"f","Right","Loom","e","comp",2,"playing","Network Neutral CubeClone163","play_wall",1.901515,4.145432,6.334899,-20.8088,-5.53124,12.70401,12.22991,6.941811,0.02557884,0.002089957,-0.2767315,0.04500655,12.27798,6.477499,0.3721902,0.052228,-0.3038354,-0.04565099,12.28722,6.479304,0.378707,6.828622,5.866791,8.735055,-9.479098,5.597195,-0.4678802,0.07312453,-0.8912326,-0.0913965,-9.297159,5.184978,0.1137316,-0.886013,-0.06174152,-0.7807999,-9.297159,5.184978,-0.7807999,-1.533076,7.198362,-6.752843,3.418457,3.695953
638264963817328360,"sd10",24,"f","Right","Loom","e","comp",2,"playing","Network Neutral CubeClone163","play_wall",1.725045,4.116503,6.287628,-20.94449,-5.531577,12.47888,12.22935,6.941711,0.0253932,0.001915064,-0.2808587,0.04512079,12.26891,6.475868,0.3658822,0.06123115,-0.3259926,-0.05083051,12.27779,6.477586,0.3721735,6.456084,5.762426,8.471329,-9.478775,5.597689,-0.4670563,0.07402609,-0.8897145,-0.09346996,-9.295539,5.187628,0.1165252,-0.884944,-0.06381952,-0.7790909,-9.295539,5.187628,-0.7790909,-1.546635,7.293622,-6.738894,3.436432,3.760773
638264963817448043,"sd10",24,"f","Right","Loom","e","comp",2,"playing","Network Neutral CubeClone163","play_wall",1.036533,3.962327,6.185283,-21.35053,-5.586152,11.74434,12.22892,6.941644,0.02515271,0.002001524,-0.2847543,0.04517669,12.26089,6.474198,0.3595833,0.0693161,-0.3464181,-0.0540649,12.26953,6.475885,0.3659539,6.065334,5.65368,8.165435,-9.478452,5.598183,-0.4662323,0.0749267,-0.8881842,-0.0955423,-9.293919,5.190277,0.1193173,-0.8838619,-0.06589678,-0.7773895,-9.293919,5.190277,-0.7773895,-1.543185,7.359194,-6.712195,3.436432,3.760773
638264963817557740,"sd10",24,"f","Right","Loom","e","comp",2,"playing","Network Neutral CubeClone163","play_wall",1.345556,3.883512,6.185283,-21.1558,-5.845648,11.96837,12.22849,6.941629,0.02496025,0.002247637,-0.288588,0.04522854,12.25336,6.472783,0.3535756,0.07402105,-0.3687428,-0.05118933,12.26191,6.474468,0.3600911,5.715926,5.55421,7.863638,-9.478129,5.598677,-0.4654007,0.07582638,-0.8866416,-0.09761351,-9.292299,5.192926,0.1221076,-0.8827671,-0.06797304,-0.7756882,-9.292299,5.192926,-0.7756882,-1.54024,7.424743,-6.68539,3.53154,3.642029
638264963817677422,"sd10",24,"f","Right","Loom","e","comp",2,"playing","Network Neutral CubeClone163","play_wall",1.315772,3.880069,6.085516,-21.24864,-5.862024,11.79464,12.22821,6.941573,0.02473177,0.002308106,-0.2913998,0.04529827,12.24619,6.471485,0.3480492,0.07597797,-0.3913535,-0.04456104,12.25364,6.472887,0.3537916,5.354822,5.480735,7.524699,-9.477806,5.599171,-0.4645767,0.07672505,-0.885087,-0.09968347,-9.290679,5.195576,0.1248965,-0.8816595,-0.07004853,-0.773983,-9.290679,5.195576,-0.773983,-1.537801,7.490258,-6.658481,3.492325,3.847473
638264963817777157,"sd10",24,"f","Right","Loom","e","comp",2,"playing","Network Neutral CubeClone163","play_wall",1.347075,4.096631,6.085516,-21.31331,-5.472909,11.86504,12.22794,6.941582,0.02461228,0.002154494,-0.2937541,0.04527457,12.23831,6.470183,0.3416168,0.07942065,-0.4128336,-0.04014922,12.24639,6.47162,0.3481582,5.008914,5.428421,7.169497,-9.477487,5.599665,-0.4637527,0.07762276,-0.8835201,-0.1017522,-9.28906,5.198225,0.1276837,-0.8805389,-0.07212312,-0.7722778,-9.28906,5.198225,-0.7722778,-1.535868,7.555744,-6.631469,3.502914,3.811493
638264963817906806,"sd10",24,"f","Right","Loom","e","comp",2,"playing","Network Neutral CubeClone163","play_wall",1.557856,4.195417,5.980546,-21.31982,-5.385461,11.8936,12.22778,6.941578,0.0245667,0.002013706,-0.2954425,0.04531607,12.23125,6.469489,0.3363456,0.08457048,-0.4300238,-0.03936862,12.23902,6.470581,0.3423735,4.690781,5.362136,6.807318,-9.477163,5.600159,-0.462925,0.07851954,-0.8819409,-0.1038199,-9.287439,5.200874,0.1304692,-0.8794056,-0.0741968,-0.7705765,-9.287439,5.200874,-0.7705765,-1.534436,7.621194,-6.604358,3.502914,3.811493
638264963818026490,"sd10",24,"f","Right","Loom","e","comp",2,"playing","Network Neutral CubeClone163","play_wall",1.89977,4.347674,5.930737,-21.22541,-5.226379,12.13067,12.22765,6.941603,0.02451342,0.001871347,-0.2964323,0.04535953,12.22466,6.469203,0.3313276,0.09189776,-0.4422959,-0.04278543,12.23155,6.469952,0.3366131,4.44179,5.28953,6.495046,-9.476841,5.600655,-0.462101,0.07941535,-0.8803496,-0.1058865,-9.285819,5.203524,0.1332533,-0.8782592,-0.07626975,-0.7688751,-9.285819,5.203524,-0.7688751,-1.533511,7.686604,-6.577147,3.481201,3.775696
638264963818146171,"sd10",24,"f","Right","Loom","e","comp",2,"playing","Network Neutral CubeClone163","play_wall",1.850567,4.339561,5.930737,-21.25052,-5.224364,12.08748,12.22749,6.941559,0.0245564,0.001550518,-0.297828,0.04547223,12.21781,6.469042,0.3267564,0.09905253,-0.4521438,-0.04976699,12.22513,6.469908,0.3322359,4.263524,5.210304,6.250531,-9.476518,5.601149,-0.4612732,0.08031047,-0.8787456,-0.1079524,-9.2842,5.206173,0.1360366,-0.8770996,-0.07834245,-0.76717,-9.2842,5.206173,-0.76717,-1.681713,7.703164,-6.438955,3.445221,3.758499
638264963818255884,"sd10",24,"f","Right","Loom","e","comp",2,"playing","Network Neutral CubeClone163","play_wall",1.901515,4.428061,5.930155,-21.2537,-5.068833,12.14796,12.22733,6.941522,0.02452601,0.001613695,-0.2995152,0.04545934,12.21193,6.468601,0.3222965,0.1018175,-0.4650117,-0.05153056,12.21818,6.469171,0.3270121,4.116294,5.165883,6.041987,-9.476196,5.601645,-0.4604492,0.08120603,-0.8771267,-0.1100205,-9.282583,5.208822,0.1388192,-0.8759269,-0.08041494,-0.7654648,-9.282583,5.208822,-0.7654648,-1.53318,7.817328,-6.522411,3.480118,3.878922
638264963818375558,"sd10",24,"f","Right","Loom","e","comp",2,"playing","Network Neutral CubeClone163","play_wall",1.901515,4.379066,5.867626,-21.28898,-5.178171,12.03959,12.22717,6.941458,0.02445889,0.001645735,-0.301111,0.04536475,12.20608,6.468016,0.3179693,0.09858716,-0.4806866,-0.0485848,12.21212,6.468507,0.3224194,3.942286,5.160038,5.79031,-9.476563,5.601812,-0.46064,0.0816912,-0.8780481,-0.1111259,-9.281971,5.210545,0.1413085,-0.8765091,-0.08395714,-0.7657471,-9.281971,5.210545,-0.7657471,-1.710008,7.821496,-6.366356,3.480118,3.878922
638264963818495239,"sd10",24,"f","Right","Loom","e","comp",2,"playing","Network Neutral CubeClone163","play_wall",1.901515,4.353305,5.934478,-21.22278,-5.214987,12.13989,12.22708,6.941432,0.02437826,0.002122004,-0.3022328,0.04508108,12.20137,6.468003,0.3147686,0.09401311,-0.4965479,-0.04297284,12.20682,6.46832,0.3187778,3.747116,5.219938,5.502885,-9.476934,5.601982,-0.4608383,0.08217583,-0.8789635,-0.1122306,-9.281359,5.212269,0.1437943,-0.8770689,-0.08749738,-0.7660294,-9.281359,5.212269,-0.7660294,-1.586948,7.962292,-6.530871,3.441406,3.766525
638264963818594970,"sd10",24,"f","Right","Loom","e","comp",2,"playing","Network Neutral CubeClone163","play_wall",1.901515,4.352119,5.899537,-21.25181,-5.224489,12.08489,12.227,6.941376,0.02435331,0.002635024,-0.3029443,0.04471816,12.19591,6.467953,0.3108066,0.09217262,-0.511392,-0.03914121,12.20197,6.468332,0.3153133,3.562228,5.274525,5.207118,-9.477303,5.60215,-0.4610291,0.08265992,-0.879873,-0.1133345,-9.280746,5.213991,0.1462766,-0.8776064,-0.09103566,-0.766304,-9.280746,5.213991,-0.766304,-1.640286,8.042232,-6.56496,3.455338,3.819321
638264963818684730,"sd10",24,"f","Right","Loom","e","comp",2,"playing","Network Neutral CubeClone163","play_wall",1.901515,4.390091,5.947573,-21.22492,-5.139846,12.16855,12.22691,6.941343,0.02433859,0.002918841,-0.3033428,0.04437086,12.19176,6.468548,0.308268,0.09083235,-0.5206416,-0.03617642,12.19667,6.468456,0.3116946,3.394967,5.295257,4.910997,-9.47767,5.602318,-0.4612274,0.0831434,-0.8807764,-0.1144375,-9.280133,5.215714,0.1487552,-0.8781216,-0.09457161,-0.7665863,-9.280133,5.215714,-0.7665863,-1.694423,8.121858,-6.59851,3.455338,3.819321
638264963818784459,"sd10",24,"f","Right","Loom","e","comp",2,"playing","Network Neutral CubeClone163","play_wall",1.901515,4.468235,5.960903,-21.24097,-4.983182,12.20525,12.22676,6.941375,0.02439949,0.003045848,-0.3037298,0.0442179,12.18752,6.469347,0.3058759,0.09463671,-0.5246068,-0.04017035,12.19271,6.469042,0.309283,3.295076,5.304789,4.722515,-9.478037,5.602488,-0.4614258,0.0836262,-0.8816737,-0.1155395,-9.279521,5.217438,0.1512301,-0.8786145,-0.09810538,-0.7668686,-9.279521,5.217438,-0.7668686,-1.749354,8.201155,-6.631511,3.475952,3.718491
638264963818894164,"sd10",24,"f","Right","Loom","e","comp",2,"playing","Network Neutral CubeClone163","play_wall",1.901515,4.46944,5.94881,-21.2517,-4.983312,12.18651,12.22666,6.941393,0.02446437,0.002867367,-0.3038798,0.04412339,12.1827,6.470085,0.3033592,0.09941408,-0.5294687,-0.04472346,12.1872,6.469638,0.3061002,3.244121,5.291424,4.622706,-9.478404,5.602655,-0.4616165,0.08410859,-0.8825653,-0.1166411,-9.278908,5.219162,0.1537016,-0.8790849,-0.1016372,-0.7671432,-9.278908,5.219162,-0.7671432,-1.805077,8.280122,-6.663955,3.525681,3.710556
638264963819003876,"sd10",24,"f","Right","Loom","e","comp",2,"playing","Network Neutral CubeClone163","play_wall",1.901515,4.56666,5.969099,-21.26783,-4.787179,12.2373,12.22655,6.941493,0.02458982,0.002406814,-0.3040782,0.04427777,12.17915,6.470862,0.3018817,0.1040086,-0.5295982,-0.05049079,12.18345,6.47027,0.3040778,3.185593,5.271083,4.499379,-9.478771,5.602823,-0.4618149,0.0845904,-0.8834509,-0.1177419,-9.278294,5.220886,0.1561693,-0.8795329,-0.1051666,-0.7674255,-9.278294,5.220886,-0.7674255,-1.861585,8.358756,-6.695849,3.525681,3.710556
638264963819103609,"sd10",24,"f","Right","Loom","e","comp",2,"playing","Network Neutral CubeClone163","play_wall",1.901515,4.657983,5.877145,-21.37705,-4.622917,12.10962,12.22645,6.941544,0.02469946,0.002034009,-0.3042834,0.04456487,12.17568,6.471175,0.3006757,0.1000478,-0.5325435,-0.05230729,12.17989,6.470848,0.3028731,3.173914,5.257623,4.476666,-9.479138,5.602993,-0.4620056,0.08507182,-0.8843309,-0.1188423,-9.277685,5.22261,0.1586327,-0.8799584,-0.1086928,-0.7677078,-9.277685,5.22261,-0.7677078,-1.918877,8.437045,-6.727184,3.530624,3.651337
638264963819213315,"sd10",24,"f","Right","Loom","e","comp",2,"playing","Network Neutral CubeClone163","play_wall",1.901515,4.66024,5.873063,-21.38127,-4.6194,12.10352,12.22629,6.941628,0.02475616,0.001723008,-0.3045812,0.04490112,12.17257,6.471171,0.2994618,0.09289568,-0.5378662,-0.05129687,12.17649,6.470902,0.301565,3.137285,5.349644,4.428979,-9.479506,5.603161,-0.462204,0.08555276,-0.885205,-0.1199421,-9.277072,5.224335,0.1610923,-0.8803616,-0.1122167,-0.7679863,-9.277072,5.224335,-0.7679863,-1.976928,8.514961,-6.757951,3.447357,3.762039
638264963819332994,"sd10",24,"f","Right","Loom","e","comp",2,"playing","Network Neutral CubeClone163","play_wall",1.901515,4.612459,5.823417,-21.40805,-4.724328,12.01556,12.22619,6.941661,0.02488674,0.00149345,-0.3044606,0.04510411,12.1705,6.471384,0.2988751,0.08127924,-0.5432311,-0.04699785,12.17389,6.471184,0.3004252,3.08178,5.469205,4.341402,-9.479877,5.603329,-0.4623947,0.08603194,-0.886071,-0.1210384,-9.276462,5.226055,0.1635498,-0.8807424,-0.1157406,-0.7682648,-9.276462,5.226055,-0.7682648,-2.035751,8.592517,-6.788152,3.447357,3.762039
638264963819442703,"sd10",24,"f","Right","Loom","e","comp",2,"playing","Network Neutral CubeClone163","play_wall",1.901515,4.606459,5.796555,-21.42869,-4.741425,11.97126,12.22605,6.941679,0.02502081,0.001534898,-0.3041974,0.04535417,12.16835,6.471864,0.298027,0.07391901,-0.5467525,-0.0431128,12.17156,6.471576,0.2995934,3.03048,5.625893,4.265133,-9.479881,5.603333,-0.4624023,0.08603287,-0.8860726,-0.1210405,-9.276462,5.226055,0.1635498,-0.8807424,-0.1157406,-0.7682648,-9.276462,5.226055,-0.7682648,-2.096075,8.668474,-6.817379,3.527634,3.818481
638264963819552407,"sd10",24,"f","Right","Loom","e","comp",2,"playing","Network Neutral CubeClone163","play_wall",1.901515,4.600961,5.804926,-21.41978,-4.750871,11.98346,12.226,6.941678,0.02513491,0.001599759,-0.3033414,0.0455654,12.1665,6.472292,0.298248,0.07313212,-0.5459968,-0.03872187,12.16915,6.471914,0.2991135,2.997333,5.711988,4.210664,-9.481183,5.602594,-0.4642372,0.0849252,-0.8917958,-0.1186699,-9.278204,5.227581,0.1660358,-0.8815889,-0.1164502,-0.7710228,-9.278204,5.227581,-0.7710228,-2.09701,8.6696,-6.819408,3.51265,3.856476
638264963819622219,"sd10",24,"f","Right","Loom","e","comp",2,"Network Neutral CubeClone163 was picked up","Network Neutral CubeClone163","play_wall",1.901515,4.600961,5.804926,-21.41978,-4.750871,11.98346,12.22595,6.941661,0.02526839,0.001798386,-0.3024555,0.0459679,12.16496,6.472913,0.2987623,0.08030419,-0.542702,-0.03646529,12.1679,6.472466,0.2997242,5.675876,NA,4.229923,-9.482482,5.601856,-0.4660721,0.08380367,-0.8973807,-0.1162796,-9.27995,5.229105,0.1685193,-0.8824214,-0.117158,-0.7737808,-9.27995,5.229105,-0.7737808,-2.150633,8.697322,-6.868393,3.51265,3.856476
638264963819632191,"sd10",24,"f","Right","Loom","e","comp",2,"Network Neutral CubeClone163 was picked up by P1","Network Neutral CubeClone163","play_wall",1.901515,4.600961,5.804926,-21.41978,-4.750871,11.98346,12.22595,6.941661,0.02526839,0.001798386,-0.3024555,0.0459679,12.16496,6.472913,0.2987623,0.08030419,-0.542702,-0.03646529,12.1679,6.472466,0.2997242,5.675876,NA,4.229923,-9.482482,5.601856,-0.4660721,0.08380367,-0.8973807,-0.1162796,-9.27995,5.229105,0.1685193,-0.8824214,-0.117158,-0.7737808,-9.27995,5.229105,-0.7737808,-2.150633,8.697322,-6.868393,3.51265,3.856476
638264963819642167,"sd10",24,"f","Right","Loom","e","comp",2,"Network Neutral CubeClone163 was picked up by P1","Network Neutral CubeClone163","play_wall",1.901515,4.600961,5.804926,-21.41978,-4.750871,11.98346,12.22595,6.941661,0.02526839,0.001798386,-0.3024555,0.0459679,12.16496,6.472913,0.2987623,0.08030419,-0.542702,-0.03646529,12.1679,6.472466,0.2997242,5.675876,NA,4.229923,-9.482482,5.601856,-0.4660721,0.08380367,-0.8973807,-0.1162796,-9.27995,5.229105,0.1685193,-0.8824214,-0.117158,-0.7737808,-9.27995,5.229105,-0.7737808,-2.150633,8.697322,-6.868393,3.51265,3.856476
638264963819711981,"sd10",24,"f","Right","Loom","e","comp",2,"playing","Network Neutral CubeClone163","play_wall",1.901515,4.600443,5.799473,-21.42443,-4.752951,11.9745,12.22595,6.941661,0.02526839,0.001798386,-0.3024555,0.0459679,12.16496,6.472913,0.2987623,0.08030419,-0.542702,-0.03646529,12.1679,6.472466,0.2997242,3.007169,5.675876,4.229923,-9.482482,5.601856,-0.4660721,0.08380367,-0.8973807,-0.1162796,-9.27995,5.229105,0.1685193,-0.8824214,-0.117158,-0.7737808,-9.27995,5.229105,-0.7737808,-2.150633,8.697322,-6.868393,3.513687,3.869324
638264963819821686,"sd10",24,"f","Right","Loom","e","comp",2,"playing","none","play_wall",1.635337,4.628882,5.979697,-21.4267,-4.57638,12.03919,12.2259,6.941593,0.02536745,0.002264548,-0.3009717,0.04671432,12.16506,6.473569,0.3002362,0.0929649,-0.530878,-0.04085612,12.167,6.473164,0.3005511,3.041926,5.52738,4.280313,-9.48378,5.601116,-0.4679108,0.08266851,-0.9028264,-0.1138701,-9.281694,5.230631,0.1710002,-0.8832401,-0.117864,-0.7765427,-9.281694,5.230631,-0.7765427,-2.204648,8.724675,-6.917151,3.513687,3.869324
638264963819911444,"sd10",24,"f","Right","Loom","e","comp",2,"playing","none","play_wall",1.635337,4.513417,6.060016,-21.32254,-4.786494,12.14188,12.22586,6.941588,0.02557091,0.00259595,-0.2996482,0.04742296,12.16477,6.473778,0.3018621,0.09637098,-0.5237112,-0.04162303,12.16601,6.473585,0.3012705,3.156853,5.343082,4.491387,-9.485085,5.600378,-0.4697418,0.08151992,-0.9081312,-0.1114418,-9.283442,5.232155,0.1734785,-0.8840448,-0.1185681,-0.7792969,-9.283442,5.232155,-0.7792969,-2.259061,8.751652,-6.96567,3.492752,3.860733
638264963820011181,"sd10",24,"f","Right","Loom","e","comp",2,"playing","Network Neutral CubeClone163","play_wall",3.668353,4.95266,4.935557,-21.28143,-4.819834,12.20069,12.22581,6.941586,0.02571513,0.002974767,-0.2982556,0.04814478,12.16458,6.473639,0.3033178,0.09481514,-0.5189263,-0.04157459,12.16534,6.473567,0.302394,3.230057,5.280169,4.630965,-9.486382,5.599638,-0.4715805,0.08035819,-0.9132941,-0.1089953,-9.285186,5.233681,0.1759543,-0.8848357,-0.1192704,-0.7820549,-9.285186,5.233681,-0.7820549,-2.313854,8.778253,-7.013951,3.543015,3.881454
638264963820123623,"sd10",24,"f","Right","Loom","e","comp",2,"playing","Network Neutral CubeClone163","play_wall",3.668353,5.148805,4.790917,-21.50821,-4.378428,11.96676,12.2258,6.941574,0.02595575,0.003453804,-0.2963443,0.04881563,12.16486,6.47336,0.3050733,0.08977006,-0.5148042,-0.03983852,12.16571,6.473289,0.3043231,3.280193,5.295846,4.738425,-9.487683,5.5989,-0.4734116,0.07918349,-0.9183137,-0.106531,-9.286932,5.235207,0.1784278,-0.8856127,-0.119971,-0.7848129,-9.286932,5.235207,-0.7848129,-2.369038,8.804479,-7.061996,3.543015,3.881454
638264963820233333,"sd10",24,"f","Right","Loom","e","comp",2,"playing","Network Neutral CubeClone163","play_wall",3.791693,5.136863,4.779922,-21.43394,-4.457222,12.07096,12.22581,6.941511,0.02627401,0.003915286,-0.2937902,0.04944116,12.16619,6.472676,0.3079348,0.08159637,-0.509516,-0.03583643,12.16655,6.472771,0.3067496,3.325854,5.354095,4.84445,-9.488982,5.59816,-0.4752502,0.0779961,-0.9231892,-0.1040495,-9.288676,5.236731,0.1808982,-0.8863756,-0.1206696,-0.7875748,-9.288676,5.236731,-0.7875748,-2.424609,8.830328,-7.109809,3.548492,3.757492
638264963820353010,"sd10",24,"f","Right","Loom","e","comp",2,"playing","Network Neutral CubeClone163","play_wall",3.791693,5.117762,4.840976,-21.36261,-4.4905,12.18453,12.22588,6.941438,0.02659455,0.004631164,-0.2907055,0.04982462,12.16866,6.472035,0.3116147,0.07990803,-0.4968837,-0.03620132,12.16738,6.472478,0.3089583,3.387441,5.441089,4.983241,-9.491215,5.597162,-0.4773865,0.07611047,-0.9304988,-0.1009957,-9.293036,5.239021,0.1796673,-0.8900245,-0.1248724,-0.7951202,-9.293036,5.239021,-0.7951202,-2.714896,8.732767,-6.943168,3.542221,3.881561
638264963820472690,"sd10",24,"f","Right","Loom","e","comp",2,"playing","Network Neutral CubeClone163","play_wall",3.898941,5.151252,4.782914,-21.36387,-4.462359,12.1923,12.22596,6.94133,0.02692786,0.005146858,-0.2871624,0.05027186,12.17009,6.471589,0.3140487,0.08092052,-0.4864912,-0.03824656,12.16899,6.471992,0.3117048,3.531182,5.451965,5.24606,-9.493444,5.596165,-0.4795227,0.07419335,-0.9374553,-0.09789961,-9.297398,5.241312,0.1784164,-0.8935777,-0.1290627,-0.8026733,-9.297398,5.241312,-0.8026733,-2.624208,8.900944,-7.289248,3.517365,4.014526
638264963820572426,"sd10",24,"f","Right","Loom","e","comp",2,"playing","Network Neutral CubeClone163","play_wall",3.898941,5.217333,4.674781,-21.50546,-4.320998,11.99279,12.22615,6.941233,0.02733468,0.005943703,-0.2830506,0.05073111,12.17298,6.470729,0.3178187,0.08369113,-0.4712745,-0.04365059,12.17126,6.471314,0.3149271,3.653036,5.437014,5.450109,-9.495673,5.595167,-0.4816589,0.07224569,-0.9440542,-0.09476265,-9.301761,5.243603,0.1771457,-0.8970342,-0.1332401,-0.8102226,-9.301761,5.243603,-0.8102226,-2.98606,8.82266,-7.195216,3.517365,4.014526
638264963820692102,"sd10",24,"f","Right","Loom","e","comp",2,"playing","Network Neutral CubeClone163","play_wall",3.590559,5.181565,4.938609,-21.42109,-4.238733,12.17224,12.22626,6.941112,0.02779599,0.006680075,-0.2785324,0.05135586,12.17626,6.470039,0.3214413,0.08495688,-0.4576289,-0.04869244,12.17358,6.470854,0.3180818,3.835013,5.414443,5.73585,-9.497903,5.59417,-0.4837952,0.07026837,-0.950291,-0.09158636,-9.306124,5.245893,0.1758555,-0.9003935,-0.1374038,-0.8177719,-9.306124,5.245893,-0.8177719,-2.916327,8.990596,-7.536976,3.562027,3.886139
638264963820801808,"sd10",24,"f","Right","Loom","e","comp",2,"playing","none","play_wall",1.635337,4.7625,6.18406,-21.29858,-4.278716,12.3716,12.22643,6.940937,0.02828795,0.007218413,-0.2741975,0.05229484,12.18048,6.468616,0.3257326,0.08617717,-0.4417845,-0.05347053,12.17756,6.469652,0.3224302,4.006068,5.413872,5.989175,-9.500133,5.593174,-0.4859314,0.06826241,-0.9561619,-0.08837233,-9.310484,5.248184,0.1745459,-0.9036554,-0.1415533,-0.8253212,-9.310484,5.248184,-0.8253212,-3.066046,9.035754,-7.65623,3.538651,3.832382
638264963820911517,"sd10",24,"f","Right","Loom","e","comp",2,"playing","none","play_wall",1.635337,4.784457,6.05012,-21.41871,-4.258247,12.16941,12.22657,6.940864,0.02878794,0.007399886,-0.2698963,0.05317317,12.18491,6.467185,0.3297593,0.08513246,-0.4284903,-0.05333979,12.1811,6.468422,0.326052,4.21294,5.404631,6.273887,-9.502359,5.592176,-0.4880676,0.06622879,-0.9616628,-0.08512217,-9.314847,5.250475,0.1732169,-0.9068191,-0.145688,-0.8328705,-9.314847,5.250475,-0.8328705,-3.218122,9.081106,-7.772337,3.538651,3.832382
638264963821021227,"sd10",24,"f","Right","Loom","e","comp",2,"playing","none","play_wall",1.635337,4.855255,5.977462,-21.5012,-4.130696,12.06758,12.22676,6.940761,0.02927391,0.007379845,-0.265898,0.05377356,12.18916,6.465723,0.3336197,0.08248525,-0.4184018,-0.04987757,12.18552,6.466901,0.3300626,4.399362,5.395233,6.512879,-9.504589,5.591181,-0.4902039,0.06416851,-0.9667907,-0.08183749,-9.31921,5.252766,0.1718689,-0.9098841,-0.1498074,-0.8404198,-9.31921,5.252766,-0.8404198,-3.372485,9.126633,-7.885249,3.562531,3.828217
638264963821130989,"sd10",24,"f","Right","Loom","e","comp",2,"playing","none","play_wall",1.635337,4.838469,6.096613,-21.39628,-4.144258,12.24807,12.22698,6.940713,0.02976198,0.007145509,-0.2614548,0.05364861,12.19475,6.463912,0.3380252,0.07865833,-0.4097774,-0.04081709,12.19033,6.465338,0.3340362,4.550365,5.392962,6.696496,-9.506821,5.590183,-0.4923401,0.06208264,-0.9715423,-0.07852,-9.32357,5.255056,0.170502,-0.9128499,-0.1539105,-0.8479691,-9.32357,5.255056,-0.8479691,-3.529064,9.172318,-7.994909,3.612946,3.906128
638264963821250672,"sd10",24,"f","Right","Loom","e","comp",2,"playing","none","play_wall",1.635337,4.84479,5.993025,-21.48619,-4.148757,12.08815,12.22726,6.940717,0.03032711,0.00706248,-0.2565268,0.05318778,12.20062,6.462145,0.3426723,0.07865553,-0.3989746,-0.0352307,12.1953,6.463755,0.3381866,4.690482,5.370104,6.855975,-9.509049,5.589188,-0.4944763,0.05997218,-0.9759152,-0.07517132,-9.327933,5.257345,0.1691165,-0.9157163,-0.157997,-0.8555183,-9.327933,5.257345,-0.8555183,-3.687779,9.21813,-8.101265,3.605026,3.821884
638264963821350406,"sd10",24,"f","Right","Loom","e","comp",2,"playing","none","play_wall",1.635337,4.246122,7.735127,-19.82178,-4.947028,14.40893,12.22756,6.940717,0.03089315,0.007181431,-0.2510023,0.05304303,12.20624,6.460769,0.3470457,0.08215237,-0.3842488,-0.03465243,12.20146,6.46206,0.3430424,4.861348,5.307128,7.03549,-9.509762,5.588839,-0.4951706,0.05888663,-0.9775557,-0.07412687,-9.33296,5.259405,0.1670114,-0.9190325,-0.1597147,-0.8634262,-9.33296,5.259405,-0.8634262,-3.849048,9.263878,-8.204469,3.605026,3.821884
638264963821450139,"sd10",24,"f","Right","Loom","e","comp",2,"playing","none","play_wall",1.635337,4.22939,7.92281,-19.6573,-4.936774,14.63598,12.22794,6.940686,0.03148299,0.007563901,-0.2448471,0.05306095,12.21164,6.459385,0.3516688,0.08592991,-0.3678295,-0.0378812,12.20665,6.460711,0.3474655,5.087742,5.217214,7.259403,-9.510474,5.58849,-0.4958649,0.05779722,-0.9791352,-0.0730776,-9.337984,5.261465,0.1648887,-0.9222558,-0.1614166,-0.8713264,-9.337984,5.261465,-0.8713264,-3.999404,9.263643,-8.319959,3.547211,3.682373
638264963821559841,"sd10",24,"f","Right","Loom","e","comp",2,"playing","Network Neutral CubeClone163","play_wall",5.372848,5.011703,6.642825,-17.66299,-4.83795,17.01758,12.22837,6.940632,0.03215671,0.008208578,-0.2377851,0.05338722,12.21767,6.457948,0.3567284,0.09114019,-0.3476714,-0.04556678,12.21267,6.459288,0.3525246,5.341377,5.148058,7.498569,-9.511187,5.58814,-0.4965591,0.05670397,-0.9806533,-0.07202354,-9.343012,5.263525,0.1627487,-0.9253858,-0.1631025,-0.8792305,-9.343012,5.263525,-0.8792305,-4.151944,9.26359,-8.432528,3.336319,3.572876
638264963821669549,"sd10",24,"f","Right","Loom","e","comp",2,"playing","none","play_wall",1.635337,1.36892,16.25646,-13.15001,-6.850978,20.12793,12.22892,6.940567,0.03281027,0.008949153,-0.230638,0.05383809,12.22406,6.456366,0.3621759,0.09405578,-0.3279873,-0.05000468,12.21883,6.45773,0.3578188,5.654336,5.075676,7.773834,-9.5119,5.587791,-0.4972572,0.05560706,-0.9821101,-0.07096487,-9.348039,5.265585,0.1605915,-0.928422,-0.164772,-0.8871307,-9.348039,5.265585,-0.8871307,-4.306609,9.263719,-8.542124,3.336319,3.572876
638264963821779254,"sd10",24,"f","Right","Loom","e","comp",2,"playing","none","background_wall",1.6,1.198303,16.85622,-12.84395,-6.874815,20.31656,12.22954,6.940486,0.03342308,0.009810797,-0.2229049,0.05452859,12.231,6.454745,0.3674368,0.09628655,-0.3074766,-0.05379066,12.22539,6.456153,0.3628967,5.973578,5.018531,8.03415,-9.512612,5.587442,-0.4979515,0.05450654,-0.9835052,-0.06990162,-9.353063,5.267645,0.1584177,-0.9313639,-0.166425,-0.8950386,-9.353063,5.267645,-0.8950386,-4.463325,9.26403,-8.648706,3.247375,3.322845
638264963821888966,"sd10",24,"f","Right","Loom","e","comp",2,"playing","none","background_wall",5.569975,1.884885,15.17005,-9.644135,-7.24233,21.89832,12.23024,6.940356,0.03410444,0.01051001,-0.2149765,0.05523906,12.23834,6.453155,0.3726913,0.09735077,-0.2883143,-0.05481927,12.2315,6.45466,0.3676628,6.315587,4.965392,8.291301,-9.513323,5.587093,-0.4986496,0.05340245,-0.9848388,-0.06883384,-9.358089,5.269705,0.1562273,-0.9342111,-0.1680612,-0.9029427,-9.358089,5.269705,-0.9029427,-4.622033,9.264525,-8.752221,2.940643,2.742828
638264963821988696,"sd10",24,"f","Right","Loom","e","comp",2,"playing","Network Blue CubeClone HB 0_4","build_wall",10.73061,1.844301,9.898499,-3.367411,-11.28256,22.0533,12.23099,6.940251,0.0348091,0.01141178,-0.2070162,0.05631123,12.2462,6.451454,0.3781282,0.09794621,-0.2692409,-0.05449406,12.23944,6.452903,0.3732677,6.648647,4.917492,8.521002,-9.514038,5.586744,-0.4993439,0.05229497,-0.9861106,-0.0677617,-9.363115,5.271765,0.1540207,-0.9369631,-0.1696804,-0.9108467,-9.363115,5.271765,-0.9108467,-4.782665,9.265205,-8.852629,2.940643,2.742828
638264963822098403,"sd10",24,"f","Right","Loom","e","comp",2,"playing","Network Blue CubeClone HB 0_4","build_wall",10.79389,5.125747,3.17243,-9.306776,-11.37595,20.2227,12.23176,6.940123,0.03540401,0.01233878,-0.1985575,0.05743835,12.25408,6.450075,0.3832437,0.09751654,-0.2502621,-0.0523373,12.24742,6.451516,0.3784388,6.989605,4.87119,8.736543,-9.514749,5.586393,-0.5000381,0.05118389,-0.9873206,-0.06668501,-9.368142,5.273825,0.1517982,-0.9396197,-0.1712824,-0.9187508,-9.368142,5.273825,-0.9187508,-4.945151,9.266072,-8.949884,3.325928,3.327942
638264963822218082,"sd10",24,"f","Right","Loom","e","comp",2,"playing","Network Blue CubeClone HB 0_4","build_wall",10.82673,5.086195,3.258723,-8.926166,-11.40673,20.37636,12.23256,6.939977,0.03608926,0.01318066,-0.1899637,0.05830437,12.26273,6.448829,0.3886743,0.0975987,-0.2269207,-0.05043836,12.25545,6.450111,0.3838055,7.338753,4.836181,8.94075,-9.515462,5.586044,-0.5007324,0.05006963,-0.9884685,-0.06560415,-9.373164,5.275885,0.1495601,-0.9421802,-0.172867,-0.9266548,-9.373164,5.275885,-0.9266548,-5.109424,9.267122,-9.043954,3.518097,3.366577
638264963822337767,"sd10",24,"f","Right","Loom","e","comp",2,"playing","none","build_wall",13.51633,2.788902,9.86,2.977432,-9.562767,22.90559,12.23333,6.939749,0.03672165,0.01416279,-0.1814447,0.05910461,12.27132,6.447935,0.3943058,0.09793287,-0.1997897,-0.05024662,12.26276,6.449411,0.3885745,7.772519,4.789218,9.16818,-9.515322,5.586069,-0.5009842,0.04970201,-0.9887229,-0.06592418,-9.37851,5.277496,0.1496014,-0.9445919,-0.1706069,-0.9334564,-9.37851,5.277496,-0.9334564,-5.275789,9.267901,-9.133721,3.518097,3.366577
638264963822467412,"sd10",24,"f","Right","Loom","e","comp",2,"playing","none","build_wall",12.32827,5.513224,9.86,0.2218552,-3.46988,24.75679,12.23411,6.939634,0.03737785,0.01513072,-0.172789,0.05969531,12.27968,6.447313,0.3994871,0.09933762,-0.1724565,-0.05286004,12.27129,6.448359,0.3941634,8.282458,4.741982,9.404019,-9.515177,5.586094,-0.5012283,0.04933416,-0.988973,-0.06624396,-9.383852,5.279108,0.1496318,-0.9469355,-0.1683339,-0.9402504,-9.383852,5.279108,-0.9402504,-5.411031,9.211869,-9.231817,3.596405,3.08812
638264963822569364,"sd10",24,"f","Right","Loom","e","comp",2,"playing","none","build_wall",12.50459,5.506806,9.86,0.6639108,-3.484521,24.74682,12.23489,6.939505,0.03801328,0.01597501,-0.1644745,0.06013143,12.28861,6.446284,0.4042296,0.1003425,-0.1472915,-0.0564947,12.2802,6.447668,0.3995222,8.799818,4.68571,9.607262,-9.515032,5.586119,-0.5014763,0.04896617,-0.9892188,-0.06656336,-9.389194,5.28072,0.1496514,-0.9492107,-0.1660483,-0.9470482,-9.389194,5.28072,-0.9470482,-5.54762,9.155028,-9.327504,3.653061,3.441879
638264963822679073,"sd10",24,"f","Right","Loom","e","comp",2,"playing","none","build_wall",15.03609,3.484951,9.86,6.489468,-7.907504,22.8111,12.23565,6.939356,0.0387366,0.01666293,-0.156261,0.06044035,12.29803,6.44566,0.4093049,0.1001013,-0.124015,-0.05861585,12.28909,6.446552,0.4041892,9.281688,4.641438,9.768864,-9.514888,5.586143,-0.5017242,0.04859795,-0.9894602,-0.06688249,-9.394536,5.282331,0.1496601,-0.9514173,-0.1637503,-0.9538422,-9.394536,5.282331,-0.9538422,-5.685515,9.097396,-9.420745,3.696503,3.609314
638264963822788779,"sd10",24,"f","Right","Loom","e","comp",2,"playing","none","build_wall",14.85716,3.36288,9.86,6.075509,-8.195694,22.82322,12.23648,6.939307,0.03936592,0.01719709,-0.1482735,0.0605363,12.30698,6.444891,0.413761,0.098786,-0.1053497,-0.05769831,12.29753,6.445856,0.4087713,9.736106,4.61825,9.900818,-9.514742,5.586168,-0.5019684,0.04822943,-0.9896974,-0.06720138,-9.399879,5.283943,0.1496579,-0.953555,-0.1614402,-0.96064,-9.399879,5.283943,-0.96064,-5.824674,9.03899,-9.511519,3.696503,3.609314
638264963822898490,"sd10",24,"f","Right","Loom","e","comp",2,"playing","none","build_wall",14.5669,3.740623,9.86,5.494314,-7.446593,23.22398,12.23724,6.939194,0.04008134,0.01773713,-0.1401345,0.06077985,12.316,6.444478,0.4176777,0.09453817,-0.09175566,-0.05124371,12.30761,6.445224,0.4132203,10.1121,4.615046,9.996026,-9.514599,5.586193,-0.5022163,0.0478607,-0.9899302,-0.06752,-9.405221,5.285555,0.1496448,-0.9556236,-0.1591181,-0.9674416,-9.405221,5.285555,-0.9674416,-5.965057,8.979831,-9.599799,3.615616,3.63356
638264963823028148,"sd10",24,"f","Right","Loom","e","comp",2,"playing","none","build_wall",14.74145,3.730149,9.86,5.881807,-7.441423,23.13054,12.238,6.93909,0.04064812,0.01816731,-0.1323231,0.06081561,12.32559,6.444318,0.4218209,0.09018701,-0.07784116,-0.04427466,12.31636,6.444582,0.417568,10.40268,4.66682,10.07041,-9.514453,5.586218,-0.5024643,0.04749157,-0.9901589,-0.06783846,-9.410563,5.287167,0.1496209,-0.9576229,-0.1567844,-0.9742355,-9.410563,5.287167,-0.9742355,-6.106623,8.919933,-9.685549,3.622437,3.438492
638264963823137847,"sd10",24,"f","Right","Loom","e","comp",2,"playing","none","build_wall",14.58857,3.800186,9.86,5.549361,-7.314703,23.25252,12.23872,6.938883,0.04123639,0.0188925,-0.1247028,0.0609874,12.33401,6.444295,0.4255686,0.0892291,-0.05932191,-0.04508845,12.32557,6.444491,0.4217021,10.74153,4.766629,9.898512,-9.514309,5.586245,-0.5027084,0.0471222,-0.9903831,-0.06815667,-9.415909,5.288778,0.1495861,-0.9595528,-0.1544391,-0.9810333,-9.415909,5.288778,-0.9810333,-6.249327,8.859323,-9.768751,3.563583,3.664047
638264963823237578,"sd10",24,"f","Right","Loom","e","comp",2,"playing","none","build_wall",14.69658,3.653924,9.86,5.766548,-7.612014,23.10372,12.23942,6.938732,0.04178925,0.01954456,-0.1172844,0.06119172,12.34203,6.445002,0.4289714,0.09050202,-0.03846717,-0.0537885,12.33376,6.444901,0.4252072,11.11327,4.778001,9.898537,-9.514168,5.586269,-0.5029564,0.04675192,-0.9906034,-0.06847519,-9.421251,5.29039,0.1495404,-0.9614131,-0.152082,-0.9878311,-9.421251,5.29039,-0.9878311,-6.393126,8.798013,-9.84938,3.563583,3.664047
638264963823357259,"sd10",24,"f","Right","Loom","e","comp",2,"playing","none","build_wall",14.8566,3.640013,9.86,6.117652,-7.614583,23.01239,12.23998,6.938625,0.0422678,0.02003661,-0.1102237,0.06134686,12.3499,6.445729,0.4322121,0.09240991,-0.01817384,-0.06439395,12.34178,6.44548,0.4286507,11.5096,4.748428,9.898533,-9.513821,5.586611,-0.5030861,0.04661074,-0.9905035,-0.07001739,-9.425001,5.290421,0.1486614,-0.9631329,-0.1492909,-0.9920578,-9.425001,5.290421,-0.9920578,-6.537175,8.734685,-9.925002,3.522675,3.643829
638264963823476946,"sd10",24,"f","Right","Loom","e","comp",2,"playing","none","build_wall",14.73778,3.74764,9.86,5.871435,-7.404949,23.14467,12.24064,6.93861,0.04275946,0.02035812,-0.1034142,0.06147528,12.35862,6.44626,0.4357867,0.09340328,0.001161575,-0.06984068,12.35053,6.445943,0.4323699,11.8702,4.633142,10.25495,-9.513477,5.586952,-0.503212,0.04646939,-0.9904011,-0.07155989,-9.428756,5.290449,0.1477744,-0.9648015,-0.1464914,-0.9962769,-9.428756,5.290449,-0.9962769,-6.648608,8.663891,-9.990201,3.542984,3.774216
638264963823596665,"sd10",24,"f","Right","Loom","e","comp",2,"playing","none","build_wall",14.50196,3.941101,9.86,5.369764,-7.021409,23.3847,12.24113,6.938663,0.04319827,0.02008964,-0.0970796,0.06146529,12.36637,6.446781,0.4382246,0.0927072,0.01137462,-0.06209068,12.35841,6.446494,0.4351343,12.25109,4.58952,10.26062,-9.51313,5.587294,-0.5033417,0.04632796,-0.9902965,-0.07310198,-9.432506,5.29048,0.1468795,-0.9664189,-0.1436838,-1.000504,-9.432506,5.29048,-1.000504,-6.760891,8.592767,-10.05353,3.542984,3.774216
638264963823686419,"sd10",24,"f","Right","Loom","e","comp",2,"playing","none","build_wall",14.29869,3.905222,9.86,4.899332,-7.128899,23.45533,12.24167,6.938758,0.04368389,0.01987491,-0.0907129,0.06152217,12.37484,6.447067,0.4413031,0.09024297,0.0238266,-0.05352379,12.36624,6.446805,0.4379846,12.47721,4.590241,10.2635,-9.512786,5.587635,-0.5034714,0.04618634,-0.9901893,-0.07464459,-9.43626,5.290508,0.1459765,-0.9679848,-0.1408682,-1.004726,-9.43626,5.290508,-1.004726,-6.874001,8.521327,-10.11498,3.538437,3.642456
638264963823796125,"sd10",24,"f","Right","Loom","e","comp",2,"playing","none","build_wall",14.42992,3.911117,9.86,5.199483,-7.098466,23.39988,12.24221,6.938827,0.04412752,0.01969492,-0.08473223,0.06158651,12.38227,6.447841,0.4436648,0.0852218,0.03024516,-0.03960166,12.37401,6.447326,0.4406689,12.75144,4.627394,10.26642,-9.512441,5.587976,-0.5036049,0.04604468,-0.9900799,-0.07618646,-9.440012,5.290539,0.1450657,-0.969499,-0.1380447,-1.008949,-9.440012,5.290539,-1.008949,-6.98791,8.449589,-10.17452,3.605347,3.595047
638264963823895862,"sd10",24,"f","Right","Loom","e","comp",2,"playing","none","build_wall",14.32571,3.752474,9.86,4.938436,-7.459206,23.34413,12.24266,6.938894,0.0444988,0.01958654,-0.07918143,0.06156842,12.38971,6.448827,0.4459647,0.08133081,0.03882638,-0.03223566,12.38171,6.448184,0.4432571,12.91634,4.728032,10.27968,-9.512095,5.588318,-0.5037346,0.04590277,-0.9899679,-0.07772936,-9.443763,5.290567,0.1441471,-0.9709616,-0.1352139,-1.013176,-9.443763,5.290567,-1.013176,-7.102595,8.377567,-10.23214,3.605347,3.595047
638264963824005564,"sd10",24,"f","Right","Loom","e","comp",2,"playing","none","build_wall",14.29642,3.884483,9.86,4.888619,-7.175873,23.44332,12.24311,6.938891,0.04484311,0.01958231,-0.07393539,0.06140384,12.3958,6.450002,0.4479333,0.07932011,0.04599553,-0.03066173,12.38912,6.449364,0.4455758,13.10983,4.805033,10.28309,-9.511748,5.588659,-0.5038643,0.04576069,-0.9898534,-0.07927293,-9.447515,5.290598,0.1432207,-0.9723724,-0.1323754,-1.017399,-9.447515,5.290598,-1.017399,-7.218024,8.305285,-10.28784,3.570648,3.779648
638264963824124273,"sd10",24,"f","Right","Loom","e","comp",2,"playing","none","build_wall",14.40376,3.884333,9.86,5.133486,-7.161648,23.39528,12.24356,6.938873,0.04509127,0.01946902,-0.06930333,0.06134747,12.40226,6.452035,0.4502213,0.07834625,0.05423504,-0.03594729,12.39564,6.450744,0.447874,13.26264,4.84333,10.27969,-9.511403,5.588999,-0.503994,0.04561855,-0.9897367,-0.08081576,-9.451268,5.290627,0.1422868,-0.973731,-0.1295304,-1.021622,-9.451268,5.290627,-1.021622,-7.334186,8.232746,-10.34159,3.494873,3.599854
638264963824273797,"sd10",24,"f","Right","Loom","e","comp",2,"playing","none","build_wall",14.09836,3.759632,9.86,4.414232,-7.474683,23.44431,12.24388,6.93889,0.04531485,0.01918145,-0.0651021,0.06127036,12.40739,6.454577,0.4519166,0.07853258,0.0624412,-0.04671878,12.4012,6.452998,0.4497371,13.42426,4.854947,10.26807,-9.511058,5.58934,-0.5041275,0.04547608,-0.9896174,-0.08236077,-9.455017,5.290657,0.1413453,-0.9750376,-0.1266783,-1.025848,-9.455017,5.290657,-1.025848,-7.451019,8.159993,-10.39339,3.503036,3.655319
638264963824393200,"sd10",24,"f","Right","Loom","e","comp",2,"playing","none","build_wall",13.94444,3.912584,9.86,4.073522,-7.15833,23.60379,12.24419,6.939058,0.04554406,0.01868648,-0.06104469,0.06125264,12.41324,6.456762,0.4538161,0.07666218,0.06952143,-0.04764689,12.40708,6.454737,0.4517648,13.57495,4.835349,10.25042,-9.510829,5.589539,-0.5043411,0.04550356,-0.9895236,-0.08355024,-9.457092,5.289984,0.1420592,-0.9756759,-0.1242791,-1.028,-9.457092,5.289984,-1.028,-7.567523,8.086385,-10.44127,3.503036,3.655319
638264963824492934,"sd10",24,"f","Right","Loom","e","comp",2,"playing","none","build_wall",13.97322,3.985179,9.86,4.148558,-6.995037,23.64008,12.24448,6.939206,0.04576416,0.0180167,-0.05710545,0.06124017,12.4185,6.458747,0.4554652,0.07425731,0.07432425,-0.04410069,12.4129,6.456921,0.4536488,13.72132,4.867371,10.23942,-9.510598,5.589737,-0.5045547,0.04553097,-0.9894286,-0.08473924,-9.459167,5.289309,0.1427703,-0.976294,-0.121877,-1.030151,-9.459167,5.289309,-1.030151,-7.635862,8.031561,-10.47238,3.379547,3.690536
638264963824592957,"sd10",24,"f","Right","Loom","e","comp",2,"playing","none","build_wall",14.05148,4.000889,9.86,4.332857,-6.951878,23.61974,12.24475,6.939387,0.04601803,0.01700122,-0.05346018,0.06115444,12.42308,6.460999,0.456965,0.07103875,0.07578924,-0.03553178,12.41778,6.45906,0.4551808,13.82931,4.917949,10.23437,-9.510365,5.589935,-0.5047684,0.04555833,-0.9893321,-0.08592832,-9.461243,5.288633,0.1434785,-0.9768921,-0.1194722,-1.032303,-9.461243,5.288633,-1.032303,-7.704307,7.976453,-10.50272,3.441391,3.600769
638264963824692708,"sd10",24,"f","Right","Loom","e","comp",2,"playing","none","build_wall",13.95292,3.828111,9.86,4.082155,-7.344914,23.54513,12.24504,6.939538,0.04619825,0.01615852,-0.05015466,0.06113259,12.42814,6.463348,0.458672,0.06767915,0.07965788,-0.02973438,12.42278,6.461436,0.4568521,13.87901,4.995256,10.24101,-9.510139,5.590134,-0.504982,0.04558561,-0.9892341,-0.08711754,-9.463313,5.28796,0.1441837,-0.9774701,-0.117065,-1.034454,-9.463313,5.28796,-1.034454,-7.772848,7.921067,-10.5323,3.441391,3.600769
638264963824812663,"sd10",24,"f","Right","Loom","e","comp",2,"playing","none","build_wall",13.87612,3.841426,9.86,3.903625,-7.325008,23.58167,12.24526,6.939728,0.04643482,0.01511743,-0.04719877,0.06107043,12.43197,6.466022,0.460341,0.0634978,0.0826138,-0.0266974,12.42697,6.463931,0.458561,13.97082,5.070816,10.23996,-9.509906,5.590332,-0.5051956,0.04561282,-0.9891348,-0.08830564,-9.465388,5.287285,0.1448859,-0.978028,-0.1146554,-1.036606,-9.465388,5.287285,-1.036606,-7.841481,7.865411,-10.56111,3.504761,3.701416
638264963824912114,"sd10",24,"f","Right","Loom","e","comp",2,"playing","none","build_wall",13.9329,3.864684,9.86,4.038887,-7.26818,23.57648,12.24543,6.939923,0.04661638,0.01417305,-0.04480076,0.06096321,12.43632,6.468922,0.4621269,0.05904939,0.08751231,-0.02537753,12.43158,6.466695,0.4603781,14.04049,5.159776,10.24319,-9.509675,5.59053,-0.5054131,0.04563997,-0.9890342,-0.08949383,-9.467463,5.286612,0.1455852,-0.9785658,-0.1122434,-1.038757,-9.467463,5.286612,-1.038757,-7.910197,7.80949,-10.58915,3.529953,3.664505
638264963825034964,"sd10",24,"f","Right","Loom","e","comp",2,"playing","none","build_wall",13.88496,3.924987,9.86,3.933056,-7.140998,23.63301,12.24553,6.940103,0.04676789,0.01309416,-0.04273605,0.06077987,12.43993,6.47202,0.4635586,0.05353432,0.09134877,-0.02710292,12.43553,6.469599,0.4618471,14.14569,5.25097,10.23888,-9.509446,5.590729,-0.5056267,0.04566705,-0.988932,-0.09068212,-9.469535,5.285936,0.1462816,-0.9790837,-0.1098285,-1.040909,-9.469535,5.285936,-1.040909,-7.978993,7.753304,-10.61642,3.529953,3.664505
638264963825134951,"sd10",24,"f","Right","Loom","e","comp",2,"playing","none","build_wall",14.34583,4.536982,9.86,5.079161,-5.708768,23.80348,12.24561,6.94031,0.04683433,0.01198087,-0.04086664,0.06066187,12.44306,6.475246,0.465246,0.04710367,0.09541231,-0.03129492,12.43895,6.472323,0.4634604,14.22627,5.358445,10.23918,-9.50917,5.590815,-0.5060577,0.04587921,-0.9888735,-0.09128783,-9.471253,5.285162,0.1462304,-0.979497,-0.1085671,-1.042229,-9.471253,5.285162,-1.042229,-8.047678,7.696719,-10.64212,3.574371,3.383301
638264963825244620,"sd10",24,"f","Right","Loom","e","comp",2,"playing","none","build_wall",14.38089,4.560139,9.86,5.163282,-5.652197,23.79888,12.24566,6.940536,0.0469999,0.01092933,-0.03937984,0.06043784,12.4455,6.478143,0.4664258,0.04095585,0.09692195,-0.03485706,12.44228,6.475488,0.4651127,14.30951,5.479438,10.23861,-9.508893,5.5909,-0.5064926,0.04609116,-0.9888147,-0.09189297,-9.472967,5.284388,0.1461776,-0.9798998,-0.1073045,-1.043541,-9.472967,5.284388,-1.043541,-8.102884,7.663387,-10.65932,3.463379,3.675247
638264963825354304,"sd10",24,"f","Right","Loom","e","comp",2,"playing","none","build_wall",14.475,6.381973,9.86,5.516596,-1.263396,24.35079,12.24571,6.94076,0.0471607,0.009752306,-0.03791466,0.06029383,12.44775,6.481137,0.4677201,0.03702385,0.09638363,-0.03334267,12.4447,6.47835,0.4662859,14.34289,5.596653,10.24481,-9.508615,5.590986,-0.5069199,0.04630331,-0.9887553,-0.0924987,-9.474685,5.283613,0.1461233,-0.9802925,-0.1060408,-1.044857,-9.474685,5.283613,-1.044857,-8.158174,7.62999,-10.67613,3.649231,3.52977
638264963825473978,"sd10",24,"f","Right","Loom","e","comp",2,"playing","none","build_wall",14.37681,7.348049,9.86,5.285661,1.135935,24.4081,12.24568,6.940976,0.04733779,0.008691385,-0.03679314,0.0600853,12.45006,6.484324,0.4688488,0.03372471,0.09535006,-0.02857413,12.44733,6.481521,0.4675224,14.33905,5.681022,10.25428,-9.508339,5.591072,-0.5073547,0.04651575,-0.9886954,-0.09310524,-9.476398,5.282837,0.1460674,-0.9806749,-0.1047758,-1.046173,-9.476398,5.282837,-1.046173,-8.213538,7.596528,-10.69252,3.649231,3.52977
638264963825574949,"sd10",24,"f","Right","Loom","e","comp",2,"playing","none","build_wall",14.39901,7.369437,9.86,5.33791,1.18796,24.39425,12.24574,6.941194,0.04754069,0.007909462,-0.03565261,0.05989214,12.45205,6.487246,0.4699985,0.03015758,0.09606066,-0.02539993,12.44959,6.484435,0.4687465,14.3269,5.759153,10.26414,-9.508062,5.591156,-0.5077858,0.0467278,-0.9886353,-0.09371074,-9.478113,5.282063,0.14601,-0.9810468,-0.1035095,-1.047489,-9.478113,5.282063,-1.047489,-8.268983,7.563001,-10.70851,3.650711,3.477158
638264963825694622,"sd10",24,"f","Right","Loom","e","comp",2,"playing","none","build_wall",14.32398,7.275774,9.86,5.161682,0.9564587,24.44222,12.24573,6.941421,0.04765344,0.007268326,-0.03469372,0.05966626,12.45348,6.490102,0.4710076,0.02631896,0.09669185,-0.02259587,12.451,6.487289,0.4697382,14.34683,5.838594,10.26693,-9.507786,5.591242,-0.5082169,0.04694045,-0.9885746,-0.09431792,-9.479831,5.281288,0.145951,-0.9814085,-0.1022426,-1.048805,-9.479831,5.281288,-1.048805,-8.324512,7.529411,-10.72409,3.595428,3.463943
638264963825794393,"sd10",24,"f","Right","Loom","e","comp",2,"playing","none","build_wall",14.28872,7.199673,9.86,5.078965,0.7673965,24.46623,12.24573,6.941533,0.04774836,0.006633958,-0.03431335,0.05948395,12.45484,6.493221,0.4721314,0.02088049,0.09767464,-0.02267808,12.45297,6.490364,0.4710035,14.36485,5.922987,10.27013,-9.507509,5.591326,-0.5086479,0.04715621,-0.9885125,-0.09493399,-9.481544,5.280512,0.1458905,-0.9817599,-0.100974,-1.050117,-9.481544,5.280512,-1.050117,-8.380094,7.495769,-10.73926,3.595428,3.463943
638264963825914040,"sd10",24,"f","Right","Loom","e","comp",2,"playing","none","build_wall",14.29584,7.211748,9.86,5.096109,0.7971073,24.46172,12.24564,6.941639,0.04775384,0.006114826,-0.03405529,0.05926823,12.45581,6.496014,0.4731095,0.01561936,0.0981099,-0.0240553,12.45415,6.493226,0.4720127,14.38812,6.033513,10.27244,-9.507233,5.591412,-0.509079,0.04737195,-0.9884501,-0.09555008,-9.483263,5.279737,0.1458285,-0.982101,-0.0997041,-1.051437,-9.483263,5.279737,-1.051437,-8.435768,7.462057,-10.75403,3.594315,3.493317
638264963826033754,"sd10",24,"f","Right","Loom","e","comp",2,"playing","none","build_wall",14.27914,7.149391,9.86,5.05736,0.6418151,24.4744,12.24559,6.941716,0.04781225,0.005652351,-0.0339869,0.0589413,12.45697,6.498755,0.4739429,0.01146622,0.0987899,-0.02452627,12.45552,6.495984,0.4730389,14.40002,6.138043,10.27563,-9.506955,5.591496,-0.50951,0.04778779,-0.9883284,-0.09673756,-9.484975,5.278961,0.1457648,-0.9824319,-0.09843288,-1.052757,-9.484975,5.278961,-1.052757,-8.491516,7.428281,-10.76839,3.600128,3.424515
638264963826135139,"sd10",24,"f","Right","Loom","e","comp",2,"playing","none","build_wall",14.23574,7.089464,9.86,4.954459,0.4926662,24.49888,12.24547,6.941791,0.04783888,0.005316395,-0.03403857,0.05863098,12.45786,6.501581,0.4748556,0.008870311,0.09927681,-0.02359929,12.45657,6.498931,0.4738827,14.41647,6.222297,10.27604,-9.506526,5.591513,-0.5099487,0.0477293,-0.9882498,-0.09670454,-9.485612,5.278435,0.1464518,-0.9824541,-0.09798528,-1.053337,-9.485612,5.278435,-1.053337,-8.54664,7.394569,-10.78166,3.600128,3.424515
638264963826254591,"sd10",24,"f","Right","Loom","e","comp",2,"playing","GameObject","build_wall",14.24518,7.156592,10.16,4.83468,0.6411193,24.51936,12.24539,6.941834,0.04783779,0.005116066,-0.0342589,0.05827789,12.45855,6.503959,0.4754829,0.007134808,0.09940708,-0.02188687,12.45741,6.50148,0.4745968,14.42844,6.278186,10.27588,-9.506097,5.59153,-0.5103951,0.04767083,-0.9881707,-0.09667149,-9.486245,5.277908,0.1471385,-0.982474,-0.09753744,-1.053917,-9.486245,5.277908,-1.053917,-8.572188,7.382437,-10.78713,3.599716,3.599731
