"Participant","Condition","Trial","Group","Event","viewSwitchCounter","startTime","endTime","eventDuration"
"nuP17","comp",2,"c","play_wall",1,638344569894487931,638344569895517935,103.0004
"nuP17","comp",2,"c","view_wall",3,638344569895927930,638344569928854745,3292.6815
"nuP17","comp",2,"c","play_wall",4,638344569928964757,638344569943250388,1428.5631
"nuP17","comp",2,"c","build_wall",6,638344569943350389,638344569965800424,2245.0035
"nuP17","comp",2,"c","play_wall",7,638344569966240418,638344569986570746,2033.0328
"nuP17","comp",2,"c","build_wall",10,638344569987580753,638344570006884998,1930.4245
"nuP17","comp",2,"c","play_wall",11,638344570009880646,638344570043548707,3366.8061
"nuP17","comp",2,"c","build_wall",12,638344570044448711,638344570065419243,2097.0532
"nuP17","comp",2,"c","play_wall",13,638344570068229447,638344570068899688,67.0241
"nuP17","comp",2,"c","view_wall",14,638344570069839920,638344570075760837,592.0917
"nuP17","comp",2,"c","play_wall",15,638344570077820844,638344570097306870,1948.6026
"nuP17","comp",2,"c","build_wall",21,638344570098306871,638344570199940547,10163.3676
"nuP17","comp",2,"c","play_wall",22,638344570200100544,638344570261438040,6133.7496
"nuP17","comp",2,"c","build_wall",23,638344570261678055,638344570281758072,2008.0017
"nuP17","comp",2,"c","view_wall",24,638344570286260243,638344570299440257,1318.0014
"nuP17","comp",2,"c","play_wall",25,638344570299560257,638344570312780477,1322.022
"nuP17","comp",2,"c","view_wall",26,638344570312900481,638344570317375810,447.5329
"nuP17","comp",2,"c","build_wall",27,638344570321876496,638344570340188994,1831.2498
"nuP17","comp",2,"c","play_wall",28,638344570340298998,638344570348954843,865.5845
"nuP17","comp",2,"c","build_wall",29,638344570352345072,638344570367966797,1562.1725
"nuP17","comp",2,"c","play_wall",30,638344570369836801,638344570375437743,560.0942
"nuP17","comp",2,"c","view_wall",32,638344570375657741,638344570390437319,1477.9578
"nuP17","comp",2,"c","play_wall",33,638344570390537327,638344570398345514,780.8187
"nuP17","comp",2,"c","build_wall",34,638344570398465519,638344570414305528,1584.0009
"nuP17","comp",2,"c","play_wall",35,638344570415975529,638344570432415995,1644.0466
"nuP17","comp",2,"c","build_wall",36,638344570432751143,638344570448831151,1608.0008
"nuP17","comp",2,"c","play_wall",37,638344570448941150,638344570458061161,912.0011
"nuP17","comp",2,"c","build_wall",39,638344570459141163,638344570474802395,1566.1232
"nuP17","comp",2,"c","play_wall",40,638344570474922392,638344570477787544,286.5152
"nuP17","comp",2,"c","view_wall",41,638344570479027548,638344570509382263,3035.4715
"nuP17","comp",2,"c","play_wall",43,638344570511282270,638344570525614372,1433.2102
"nuP17","comp",2,"c","build_wall",45,638344570526354377,638344570545855223,1950.0846
"nuP17","comp",2,"c","play_wall",47,638344570547040323,638344570557870799,1083.0476
"nuP17","comp",2,"c","build_wall",48,638344570557980801,638344570572420819,1444.0018
"nuP17","comp",2,"c","play_wall",49,638344570573100823,638344570586732519,1363.1696
"nuP17","comp",2,"c","build_wall",50,638344570587412848,638344570598428801,1101.5953
"nuP17","comp",2,"c","play_wall",51,638344570599629061,638344570610176509,1054.7448
"nuP17","comp",2,"c","build_wall",52,638344570610521628,638344570629500779,1897.9151
"nuP17","comp",2,"c","play_wall",53,638344570629560787,638344570629855915,29.5128
"nuP17","comp",2,"c","view_wall",55,638344570630726144,638344570639202584,847.644
"nuP17","comp",2,"c","play_wall",57,638344570640812576,638344570660733687,1992.1111
"nuP17","comp",2,"c","build_wall",58,638344570661063698,638344570679813712,1875.0014
"nuP17","comp",2,"c","play_wall",59,638344570681603713,638344570682773708,116.9995
"nuP17","comp",2,"c","view_wall",62,638344570683733713,638344570706935853,2320.214
"nuP17","comp",2,"c","play_wall",63,638344570707045850,638344570722356402,1531.0552
"nuP17","comp",2,"c","build_wall",65,638344570723126385,638344570737289418,1416.3033
"nuP17","comp",2,"c","play_wall",66,638344570738909426,638344570752040706,1313.128
"nuP17","comp",2,"c","build_wall",70,638344570752920721,638344570766207862,1328.7141
"nuP17","comp",2,"c","play_wall",71,638344570767797862,638344570776578081,878.0219
"nuP17","comp",2,"c","build_wall",74,638344570776988088,638344570790498096,1351.0008
"nuP17","comp",2,"c","play_wall",75,638344570790608101,638344570802083416,1147.5315
"nuP17","comp",2,"c","build_wall",77,638344570803333651,638344570814019424,1068.5773
"nuP17","comp",2,"c","play_wall",78,638344570814629425,638344570818329439,370.0014
"nuP17","comp",2,"c","view_wall",81,638344570818449425,638344570826449438,800.0013
"nuP17","comp",2,"c","play_wall",82,638344570828889443,638344570837849455,896.0012
"nuP17","comp",2,"c","build_wall",83,638344570838529455,638344570861169476,2264.0021
"nuP17","comp",2,"c","play_wall",84,638344570861279478,638344570865840067,456.0589
"nuP17","comp",2,"c","view_wall",87,638344570865940072,638344570885947095,2000.7023
"nuP17","comp",2,"c","play_wall",88,638344570889055857,638344570905646358,1659.0501
"nuP17","comp",2,"c","build_wall",89,638344570905746359,638344570924476379,1873.002
"nuP17","comp",2,"c","play_wall",91,638344570925596940,638344570936688002,1109.1062
"nuP17","comp",2,"c","build_wall",92,638344570937108010,638344570952388469,1528.0459
"nuP17","comp",2,"c","play_wall",94,638344570952498483,638344571007360698,5486.2215
"nuP17","comp",2,"c","view_wall",96,638344571007470696,638344571012890926,542.023
"nuP17","comp",2,"c","build_wall",97,638344571017430928,638344571043020965,2559.0037
"nuP17","comp",2,"c","play_wall",98,638344571043140956,638344571060070973,1693.0017
"nuP17","comp",2,"c","build_wall",100,638344571060520974,638344571080121785,1960.0811
"nuP17","comp",2,"c","play_wall",102,638344571080231784,638344571094173675,1394.1891
"nuP17","comp",2,"c","build_wall",103,638344571094493672,638344571110149368,1565.5696
"nuP17","comp",2,"c","view_wall",105,638344571114540215,638344571121091292,655.1077
"nuP17","comp",2,"c","play_wall",106,638344571123096392,638344571128226955,513.0563
"nuP17","comp",2,"c","build_wall",109,638344571128952047,638344571135532598,658.0551
"nuP17","comp",2,"c","play_wall",110,638344571138172962,638344571162994210,2482.1248
"nuP17","comp",2,"c","view_wall",111,638344571163594207,638344571185839230,2224.5023
"nuP17","comp",2,"c","play_wall",112,638344571189279224,638344571202675077,1339.5853
"nuP17","comp",2,"c","build_wall",113,638344571202785077,638344571235766428,3298.1351
"nuP17","comp",2,"c","play_wall",114,638344571235866439,638344571253979178,1811.2739
"nuP17","comp",2,"c","build_wall",116,638344571254629172,638344571271263593,1663.4421
"nuP17","comp",2,"c","play_wall",117,638344571271373592,638344571283229841,1185.6249
"nuP17","comp",2,"c","build_wall",118,638344571284099836,638344571295230524,1113.0688
"nuP17","comp",2,"c","play_wall",119,638344571296440532,638344571309285976,1284.5444
"nuP17","comp",2,"c","build_wall",120,638344571309395977,638344571327196976,1780.0999
"nuP17","comp",2,"c","view_wall",121,638344571327406978,638344571332027385,462.0407
"nuP17","comp",2,"c","play_wall",122,638344571334057386,638344571344988245,1093.0859
"nuP17","comp",2,"c","build_wall",124,638344571345968254,638344571386537515,4056.9261
"nuP17","comp",2,"c","play_wall",125,638344571389517541,638344571390367523,84.9982
"nuP17","comp",2,"c","view_wall",127,638344571393583952,638344571403609331,1002.5379
"nuP17","comp",2,"c","play_wall",128,638344571404809331,638344571418695399,1388.6068
"nuP17","comp",2,"c","build_wall",129,638344571418915404,638344571435246468,1633.1064
"nuP17","comp",2,"c","play_wall",130,638344571436526484,638344571443436749,691.0265
"nuP17","comp",2,"c","view_wall",133,638344571443646740,638344571457577903,1393.1163
"nuP17","comp",2,"c","play_wall",134,638344571459347907,638344571471367930,1202.0023
"nuP17","comp",2,"c","build_wall",137,638344571472367932,638344571493596432,2122.85
"nuP17","comp",2,"c","play_wall",138,638344571493716420,638344571519647284,2593.0864
"nuP17","comp",2,"c","build_wall",140,638344571520817278,638344571533858054,1304.0776
"nuP17","comp",2,"c","play_wall",141,638344571535818284,638344571563220377,2740.2093
"nuP17","comp",2,"c","view_wall",143,638344571563330373,638344571576071705,1274.1332
"nuP17","comp",2,"c","play_wall",144,638344571576181717,638344571591662055,1548.0338
"nuP17","comp",2,"c","build_wall",147,638344571593162054,638344571609943291,1678.1237
"nuP17","comp",2,"c","play_wall",148,638344571613403294,638344571613973294,57
"nuP17","comp",2,"c","view_wall",149,638344571614953298,638344571638305425,2335.2127
"nuP17","comp",2,"c","play_wall",150,638344571640065418,638344571648616709,855.1291
"nuP17","comp",2,"c","build_wall",151,638344571649776972,638344571674725780,2494.8808
"nuP17","comp",2,"c","play_wall",152,638344571674835777,638344571691462407,1662.663
"nuP17","comp",2,"c","build_wall",155,638344571695482703,638344571727668862,3218.6159
"nuP17","comp",2,"c","view_wall",156,638344571732299929,638344571759370738,2707.0809
"nuP17","comp",2,"c","play_wall",157,638344571759470741,638344571772760754,1329.0013
"nuP17","comp",2,"c","build_wall",160,638344571774360763,638344571792537652,1817.6889
"nuP17","comp",2,"c","play_wall",161,638344571793452744,638344571805174592,1172.1848
"nuP17","comp",2,"c","build_wall",164,638344571806174604,638344571817290915,1111.6311
"nuP17","comp",2,"c","play_wall",165,638344571818916026,638344571828386300,947.0274
"nuP17","comp",2,"c","build_wall",166,638344571828886298,638344571840961461,1207.5163
"nuP17","comp",2,"c","play_wall",167,638344571842746758,638344571850182681,743.5923
"nuP17","comp",2,"c","build_wall",168,638344571850962687,638344571865264326,1430.1639
"nuP17","comp",2,"c","view_wall",170,638344571869610356,638344571878841704,923.1348
"nuP17","comp",2,"c","play_wall",171,638344571881701712,638344571899052387,1735.0675
"nuP17","comp",2,"c","build_wall",173,638344571899932548,638344571935515677,3558.3129
"nuP17","comp",2,"c","play_wall",174,638344571935625677,638344571957996487,2237.081
"nuP17","comp",2,"c","build_wall",177,638344571958556486,638344571975813293,1725.6807
"nuP17","comp",2,"c","play_wall",178,638344571979373534,638344571979928641,55.5107
"nuP17","comp",2,"c","view_wall",179,638344571980358655,638344572004755139,2439.6484
"nuP17","comp",2,"c","play_wall",180,638344572006655156,638344572021306168,1465.1012
"nuP17","comp",2,"c","build_wall",181,638344572022171297,638344572034888616,1271.7319
"nuP17","comp",2,"c","play_wall",182,638344572035748622,638344572047400231,1165.1609
"nuP17","comp",2,"c","build_wall",184,638344572047510230,638344572058500240,1099.001
"nuP17","comp",2,"c","play_wall",185,638344572059980241,638344572069600251,962.001
"nuP17","comp",2,"c","build_wall",186,638344572069800266,638344572083280275,1348.0009
"nuP17","comp",2,"c","play_wall",187,638344572084610269,638344572093652008,904.1739
"nuP17","comp",2,"c","build_wall",188,638344572094381990,638344572109393831,1501.1841
"nuP17","comp",2,"c","play_wall",189,638344572109503825,638344572120599524,1109.5699
"nuP17","comp",2,"c","build_wall",193,638344572121439526,638344572133379536,1194.001
"nuP17","comp",2,"c","play_wall",194,638344572136709874,638344572138209875,150.0001
"nuP17","comp",2,"c","view_wall",197,638344572140269867,638344572159955928,1968.6061
"nuP17","comp",2,"c","play_wall",198,638344572160085929,638344572170906399,1082.047
"nuP17","comp",2,"c","build_wall",199,638344572171586407,638344572182386412,1080.0005
"nuP17","comp",2,"c","play_wall",200,638344572183466422,638344572192922454,945.6032
"nuP17","comp",2,"c","build_wall",203,638344572193727557,638344572204063569,1033.6012
"nuP17","comp",2,"c","play_wall",204,638344572204468700,638344572224676664,2020.7964
"nuP17","comp",2,"c","build_wall",205,638344572225106665,638344572239609806,1450.3141
"nuP17","comp",2,"c","play_wall",206,638344572239709808,638344572240269811,56.0003
"nuP17","comp",2,"c","view_wall",207,638344572240839822,638344572246886544,604.6722
"nuP17","comp",2,"c","play_wall",208,638344572248536785,638344572256527832,799.1047
"nuP17","comp",2,"c","build_wall",209,638344572257767834,638344572272747856,1498.0022
"nuP17","comp",2,"c","play_wall",210,638344572272877849,638344572282517859,964.001
"nuP17","comp",2,"c","build_wall",211,638344572287438561,638344572299764494,1232.5933
"nuP17","comp",2,"c","play_wall",212,638344572299874491,638344572321490938,2161.6447
"nuP17","comp",2,"c","build_wall",215,638344572321616027,638344572336846984,1523.0957
"nuP17","comp",2,"c","play_wall",216,638344572336962169,638344572347717818,1075.5649
"nuP17","comp",2,"c","build_wall",217,638344572351263289,638344572368044427,1678.1138
"nuP17","comp",2,"c","play_wall",218,638344572369734422,638344572403996068,3426.1646
"nuP17","comp",2,"c","view_wall",221,638344572404456073,638344572416496888,1204.0815
"nuP17","comp",2,"c","play_wall",222,638344572416616880,638344572426947108,1033.0228
"nuP17","comp",2,"c","build_wall",223,638344572427597118,638344572443228893,1563.1775
"nuP17","comp",2,"c","play_wall",224,638344572443338893,638344572453470828,1013.1935
"nuP17","comp",2,"c","build_wall",225,638344572455680830,638344572469774237,1409.3407
"nuP17","comp",2,"c","play_wall",226,638344572470104235,638344572482710065,1260.583
"nuP17","comp",2,"c","build_wall",227,638344572482820067,638344572495565170,1274.5103
"nuP17","comp",2,"c","play_wall",228,638344572496655186,638344572510235787,1358.0601
"nuP17","comp",2,"c","view_wall",230,638344572510345786,638344572518021274,767.5488
"nuP17","comp",2,"c","play_wall",231,638344572518141266,638344572532407105,1426.5839
"nuP17","comp",2,"c","build_wall",232,638344572532967107,638344572551068009,1810.0902
"nuP17","comp",2,"c","play_wall",233,638344572552428212,638344572581719558,2929.1346
"nuP17","comp",2,"c","build_wall",236,638344572583149557,638344572601052514,1790.2957
"nuP17","comp",2,"c","play_wall",237,638344572603987916,638344572604997911,100.9995
"nuP17","comp",2,"c","view_wall",239,638344572605913048,638344572621190150,1527.7102
"nuP17","comp",2,"c","play_wall",240,638344572621290157,638344572639137255,1784.7098
"nuP17","comp",2,"c","build_wall",242,638344572639927251,638344572652027633,1210.0382
"nuP17","comp",2,"c","play_wall",243,638344572652927630,638344572661357653,843.0023
"nuP17","comp",2,"c","build_wall",246,638344572662047645,638344572674667665,1262.002
"nuP17","comp",2,"c","play_wall",248,638344572674787656,638344572702883974,2809.6318
"nuP17","comp",2,"c","build_wall",249,638344572703449060,638344572719732017,1628.2957
"nuP17","comp",2,"c","play_wall",250,638344572721562032,638344572740974107,1941.2075
"nuP17","comp",2,"c","build_wall",252,638344572741384103,638344572760834569,1945.0466
"nuP17","comp",2,"c","play_wall",253,638344572761834573,638344572798173644,3633.9071
"nuP17","comp",2,"c","build_wall",254,638344572798288798,638344572815859070,1757.0272
"nuP17","comp",2,"c","play_wall",255,638344572815959065,638344572835932048,1997.2983
"nuP17","comp",2,"c","build_wall",257,638344572836052050,638344572855379631,1932.7581
"nuP17","comp",2,"c","play_wall",258,638344572858739640,638344572859179641,44.0001
"nuP17","comp",2,"c","view_wall",260,638344572859859642,638344572862939637,307.9995
"nuP17","solo",1,"c","play_wall",1,638344547064765095,638344547074647970,988.2875
"nuP17","solo",1,"c","view_wall",5,638344547074977976,638344547105763942,3078.5966
"nuP17","solo",1,"c","play_wall",6,638344547107734414,638344547114194678,646.0264
"nuP17","solo",1,"c","view_wall",8,638344547114304667,638344547129915882,1561.1215
"nuP17","solo",1,"c","play_wall",9,638344547132035880,638344547167746769,3571.0889
"nuP17","solo",1,"c","build_wall",10,638344547170056787,638344547188072200,1801.5413
"nuP17","solo",1,"c","play_wall",11,638344547189567552,638344547213583688,2401.6136
"nuP17","solo",1,"c","build_wall",15,638344547215033690,638344547231124725,1609.1035
"nuP17","solo",1,"c","play_wall",16,638344547232454993,638344547263566208,3111.1215
"nuP17","solo",1,"c","build_wall",17,638344547263676206,638344547284566984,2089.0778
"nuP17","solo",1,"c","play_wall",19,638344547284666982,638344547317057389,3239.0407
"nuP17","solo",1,"c","build_wall",20,638344547317177404,638344547340837700,2366.0296
"nuP17","solo",1,"c","play_wall",21,638344547340937702,638344547356654090,1571.6388
"nuP17","solo",1,"c","build_wall",23,638344547357314099,638344547385079620,2776.5521
"nuP17","solo",1,"c","play_wall",25,638344547385199632,638344547454828956,6962.9324
"nuP17","solo",1,"c","build_wall",26,638344547455158955,638344547489214844,3405.5889
"nuP17","solo",1,"c","play_wall",27,638344547489314840,638344547510875315,2156.0475
"nuP17","solo",1,"c","build_wall",28,638344547514205322,638344547532437551,1823.2229
"nuP17","solo",1,"c","play_wall",29,638344547532987550,638344547536563279,357.5729
"nuP17","solo",1,"c","view_wall",30,638344547537353555,638344547559096180,2174.2625
"nuP17","solo",1,"c","play_wall",31,638344547559211292,638344547583719643,2450.8351
"nuP17","solo",1,"c","build_wall",32,638344547586189648,638344547613936583,2774.6935
"nuP17","solo",1,"c","play_wall",33,638344547614386585,638344547683789715,6940.313
"nuP17","solo",1,"c","build_wall",34,638344547684364817,638344547704591551,2022.6734
"nuP17","solo",1,"c","play_wall",35,638344547704711550,638344547730144771,2543.3221
"nuP17","solo",1,"c","build_wall",38,638344547731574774,638344547748898512,1732.3738
"nuP17","solo",1,"c","play_wall",39,638344547750918522,638344547761753660,1083.5138
"nuP17","solo",1,"c","build_wall",40,638344547761863670,638344547781999867,2013.6197
"nuP17","solo",1,"c","play_wall",42,638344547783959867,638344547874169419,9020.9552
"nuP17","solo",1,"c","build_wall",43,638344547874819423,638344547905945911,3112.6488
"nuP17","solo",1,"c","play_wall",44,638344547906055913,638344547906495908,43.9995
"nuP17","solo",1,"c","view_wall",46,638344547907175917,638344547935593488,2841.7571
"nuP17","solo",1,"c","play_wall",48,638344547937608584,638344547989488149,5187.9565
"nuP17","solo",1,"c","build_wall",50,638344547989898155,638344548015208199,2531.0044
"nuP17","solo",1,"c","play_wall",51,638344548015318195,638344548026888220,1157.0025
"nuP17","solo",1,"c","build_wall",53,638344548028648224,638344548052008946,2336.0722
"nuP17","solo",1,"c","play_wall",54,638344548052108947,638344548063820992,1171.2045
"nuP17","solo",1,"c","build_wall",55,638344548063940986,638344548085382127,2144.1141
"nuP17","solo",1,"c","play_wall",57,638344548087057445,638344548089227715,217.027
"nuP17","solo",1,"c","view_wall",58,638344548089947738,638344548136507581,4655.9843
"nuP17","solo",1,"c","build_wall",59,638344548141077748,638344548164598233,2352.0485
"nuP17","solo",1,"c","play_wall",60,638344548164718237,638344548176038904,1132.0667
"nuP17","solo",1,"c","build_wall",61,638344548176719139,638344548197044269,2032.513
"nuP17","solo",1,"c","play_wall",62,638344548197144268,638344548216331866,1918.7598
"nuP17","solo",1,"c","build_wall",66,638344548217242082,638344548241014380,2377.2298
"nuP17","solo",1,"c","play_wall",67,638344548241134378,638344548256555118,1542.074
"nuP17","solo",1,"c","build_wall",68,638344548257660882,638344548286352292,2869.141
"nuP17","solo",1,"c","play_wall",69,638344548286452291,638344548289332527,288.0236
"nuP17","solo",1,"c","view_wall",70,638344548289897619,638344548322544828,3264.7209
"nuP17","solo",1,"c","play_wall",72,638344548322884830,638344548344837510,2195.268
"nuP17","solo",1,"c","build_wall",73,638344548344957508,638344548361933867,1697.6359
"nuP17","solo",1,"c","play_wall",75,638344548363593873,638344548382959859,1936.5986
"nuP17","solo",1,"c","build_wall",77,638344548383519860,638344548399499888,1598.0028
"nuP17","solo",1,"c","play_wall",78,638344548399599891,638344548416015715,1641.5824
"nuP17","solo",1,"c","build_wall",79,638344548416235710,638344548435665749,1943.0039
"nuP17","solo",1,"c","play_wall",80,638344548435775740,638344548448705763,1293.0023
"nuP17","solo",1,"c","build_wall",84,638344548449450907,638344548490483785,4103.2878
"nuP17","solo",1,"c","play_wall",85,638344548490593784,638344548500638889,1004.5105
"nuP17","solo",1,"c","build_wall",87,638344548501858888,638344548526258942,2440.0054
"nuP17","solo",1,"c","view_wall",89,638344548526658941,638344548568659279,4200.0338
"nuP17","solo",1,"c","play_wall",90,638344548568769279,638344548579655738,1088.6459
"nuP17","solo",1,"c","build_wall",91,638344548579855738,638344548601919707,2206.3969
"nuP17","solo",1,"c","play_wall",92,638344548603480331,638344548643036780,3955.6449
"nuP17","solo",1,"c","build_wall",93,638344548646167586,638344548658898414,1273.0828
"nuP17","solo",1,"c","play_wall",94,638344548659028410,638344548668678440,965.003
"nuP17","solo",1,"c","build_wall",95,638344548668788424,638344548683454736,1466.6312
"nuP17","solo",1,"c","play_wall",97,638344548683564745,638344548745330428,6176.5683
"nuP17","solo",1,"c","build_wall",98,638344548745440422,638344548759860443,1442.0021
"nuP17","solo",1,"c","play_wall",99,638344548760850449,638344548788965846,2811.5397
"nuP17","solo",1,"c","build_wall",100,638344548789075845,638344548804276566,1520.0721
"nuP17","solo",1,"c","play_wall",102,638344548804946564,638344548816737889,1179.1325
"nuP17","solo",1,"c","build_wall",104,638344548817407893,638344548833951217,1654.3324
"nuP17","solo",1,"c","play_wall",107,638344548835011410,638344548879257711,4424.6301
"nuP17","solo",1,"c","view_wall",108,638344548879387725,638344548911938166,3255.0441
"nuP17","solo",1,"c","play_wall",110,638344548912058169,638344548935279243,2322.1074
"nuP17","solo",1,"c","build_wall",113,638344548936884400,638344548956365890,1948.149
"nuP17","solo",1,"c","play_wall",115,638344548958375896,638344548994969368,3659.3472
"nuP17","solo",1,"c","view_wall",117,638344548995079376,638344549000454506,537.513
"nuP17","solo",1,"c","build_wall",118,638344549005029820,638344549022176875,1714.7055
"nuP17","solo",1,"c","play_wall",119,638344549024406873,638344549025636875,123.0002
"nuP17","solo",1,"c","view_wall",121,638344549026326881,638344549037886898,1156.0017
"nuP17","solo",1,"c","play_wall",122,638344549037986896,638344549049236920,1125.0024
"nuP17","solo",1,"c","build_wall",123,638344549049646920,638344549066047423,1640.0503
"nuP17","solo",1,"c","play_wall",124,638344549068387414,638344549084630030,1624.2616
"nuP17","solo",1,"c","build_wall",125,638344549085640027,638344549109061031,2342.1004
"nuP17","solo",1,"c","play_wall",126,638344549109171028,638344549118511507,934.0479
"nuP17","solo",1,"c","build_wall",127,638344549119621506,638344549144292510,2467.1004
"nuP17","solo",1,"c","play_wall",128,638344549144392498,638344549170738210,2634.5712
"nuP17","solo",1,"c","build_wall",130,638344549173008577,638344549195009177,2200.06
"nuP17","solo",1,"c","play_wall",131,638344549196694315,638344549209816065,1312.175
"nuP17","solo",1,"c","build_wall",133,638344549210256067,638344549239457943,2920.1876
"nuP17","solo",1,"c","play_wall",134,638344549239567943,638344549240127945,56.0002
"nuP17","solo",1,"c","view_wall",135,638344549241017946,638344549249588183,857.0237
"nuP17","solo",1,"c","play_wall",136,638344549250788179,638344549273617572,2282.9393
"nuP17","solo",1,"c","build_wall",137,638344549274087574,638344549285798470,1171.0896
"nuP17","solo",1,"c","play_wall",138,638344549285918471,638344549305553596,1963.5125
"nuP17","solo",1,"c","build_wall",141,638344549306443817,638344549322421365,1597.7548
"nuP17","solo",1,"c","play_wall",142,638344549324491370,638344549326331382,184.0012
"nuP17","solo",1,"c","view_wall",145,638344549327071378,638344549344057186,1698.5808
"nuP17","solo",1,"c","play_wall",146,638344549344837187,638344549361837225,1700.0038
"nuP17","solo",1,"c","build_wall",148,638344549362067220,638344549387077915,2501.0695
"nuP17","solo",1,"c","play_wall",149,638344549389167923,638344549402938760,1377.0837
"nuP17","solo",1,"c","view_wall",151,638344549403268755,638344549412374702,910.5947
"nuP17","solo",1,"c","play_wall",152,638344549412484688,638344549413934693,145.0005
"nuP17","solo",1,"c","build_wall",155,638344549414964694,638344549435387045,2042.2351
"nuP17","solo",1,"c","play_wall",156,638344549435486969,638344549458704371,2321.7402
"nuP17","solo",1,"c","build_wall",158,638344549460044366,638344549476524625,1648.0259
"nuP17","solo",1,"c","play_wall",159,638344549478774631,638344549480564639,179.0008
"nuP17","solo",1,"c","view_wall",161,638344549481314629,638344549492304653,1099.0024
"nuP17","solo",1,"c","play_wall",162,638344549492444656,638344549503786617,1134.1961
"nuP17","solo",1,"c","build_wall",163,638344549504446619,638344549523298297,1885.1678
"nuP17","solo",1,"c","play_wall",164,638344549526298307,638344549526968303,66.9996
"nuP17","solo",1,"c","view_wall",166,638344549529558311,638344549538118324,856.0013
"nuP17","solo",1,"c","play_wall",167,638344549538228320,638344549565207771,2697.9451
"nuP17","solo",1,"c","build_wall",169,638344549565527780,638344549585487830,1996.005
"nuP17","solo",1,"c","play_wall",170,638344549585587828,638344549586307813,71.9985
"nuP17","solo",1,"c","view_wall",171,638344549587037832,638344549603628067,1659.0235
"nuP17","solo",1,"c","play_wall",173,638344549605198071,638344549621808345,1661.0274
"nuP17","solo",1,"c","view_wall",176,638344549622818348,638344549630638359,782.0011
"nuP17","solo",1,"c","play_wall",177,638344549634419018,638344549634619010,19.9992
"nuP17","solo",1,"c","build_wall",182,638344549635279012,638344549655936734,2065.7722
"nuP17","solo",1,"c","play_wall",183,638344549656066735,638344549672593189,1652.6454
"nuP17","solo",1,"c","build_wall",185,638344549673373185,638344549682259745,888.656
"nuP17","solo",1,"c","play_wall",186,638344549682380275,638344549683590468,121.0193
"nuP17","solo",1,"c","view_wall",187,638344549684380469,638344549697895759,1351.529
"nuP17","solo",1,"c","build_wall",189,638344549697995761,638344549714535790,1654.0029
"nuP17","solo",1,"c","play_wall",190,638344549714645794,638344549736406200,2176.0406
"nuP17","solo",1,"c","build_wall",191,638344549737416405,638344549750528235,1311.183
"nuP17","solo",1,"c","play_wall",193,638344549751078242,638344549784208566,3313.0324
"nuP17","solo",1,"c","build_wall",194,638344549784428566,638344549799278781,1485.0215
"nuP17","solo",1,"c","play_wall",195,638344549799958990,638344549812071433,1211.2443
"nuP17","solo",1,"c","build_wall",197,638344549812181434,638344549828481718,1630.0284
"nuP17","solo",1,"c","play_wall",198,638344549829261723,638344549833071728,381.0005
"nuP17","solo",1,"c","view_wall",199,638344549833951730,638344549856531774,2258.0044
"nuP17","solo",1,"c","play_wall",200,638344549856621776,638344549868188232,1156.6456
"nuP17","solo",1,"c","build_wall",201,638344549868828231,638344549882676743,1384.8512
"nuP17","solo",1,"c","play_wall",202,638344549884696744,638344549896837423,1214.0679
"nuP17","solo",1,"c","build_wall",203,638344549897047424,638344549909112985,1206.5561
"nuP17","solo",1,"c","play_wall",204,638344549909822988,638344549925489860,1566.6872
"nuP17","solo",1,"c","view_wall",206,638344549926144958,638344549931500591,535.5633
"nuP17","solo",1,"c","play_wall",207,638344549933811003,638344549935266281,145.5278
"nuP17","solo",1,"c","build_wall",208,638344549936381572,638344549949758055,1337.6483
"nuP17","solo",1,"c","play_wall",210,638344549950098064,638344549961040451,1094.2387
"nuP17","solo",1,"c","build_wall",211,638344549961140451,638344549979581196,1844.0745
"nuP17","solo",1,"c","play_wall",212,638344549979711198,638344550006556323,2684.5125
"nuP17","solo",1,"c","build_wall",213,638344550006776322,638344550025523111,1874.6789
"nuP17","solo",1,"c","play_wall",214,638344550025637830,638344550044828699,1919.0869
"nuP17","solo",1,"c","build_wall",220,638344550046038920,638344550209416473,16337.7553
"nuP17","solo",2,"c","play_wall",1,638344550996892065,638344551006957238,1006.5173
"nuP17","solo",2,"c","view_wall",2,638344551007747522,638344551043960245,3621.2723
"nuP17","solo",2,"c","play_wall",3,638344551044180250,638344551060041361,1586.1111
"nuP17","solo",2,"c","build_wall",5,638344551061181345,638344551078131368,1695.0023
"nuP17","solo",2,"c","play_wall",6,638344551080941381,638344551097244263,1630.2882
"nuP17","solo",2,"c","view_wall",8,638344551097354261,638344551119056106,2170.1845
"nuP17","solo",2,"c","play_wall",9,638344551120716112,638344551134267082,1355.097
"nuP17","solo",2,"c","build_wall",10,638344551135147083,638344551151173822,1602.6739
"nuP17","solo",2,"c","play_wall",11,638344551152234093,638344551177779272,2554.5179
"nuP17","solo",2,"c","view_wall",16,638344551178109272,638344551198849950,2074.0678
"nuP17","solo",2,"c","play_wall",17,638344551198969957,638344551199299952,32.9995
"nuP17","solo",2,"c","build_wall",18,638344551199989950,638344551223949529,2395.9579
"nuP17","solo",2,"c","view_wall",19,638344551228539544,638344551236079558,754.0014
"nuP17","solo",2,"c","play_wall",20,638344551238329560,638344551262550283,2422.0723
"nuP17","solo",2,"c","view_wall",22,638344551263315432,638344551274381245,1106.5813
"nuP17","solo",2,"c","play_wall",23,638344551274486370,638344551274716375,23.0005
"nuP17","solo",2,"c","build_wall",25,638344551275376375,638344551288814221,1343.7846
"nuP17","solo",2,"c","play_wall",26,638344551289274224,638344551302284525,1301.0301
"nuP17","solo",2,"c","build_wall",27,638344551303164519,638344551325275056,2211.0537
"nuP17","solo",2,"c","play_wall",28,638344551328175576,638344551328510665,33.5089
"nuP17","solo",2,"c","view_wall",29,638344551329285817,638344551335490946,620.5129
"nuP17","solo",2,"c","play_wall",30,638344551337400956,638344551348376482,1097.5526
"nuP17","solo",2,"c","build_wall",31,638344551349476491,638344551364242831,1476.634
"nuP17","solo",2,"c","play_wall",33,638344551364792827,638344551391155351,2636.2524
"nuP17","solo",2,"c","build_wall",35,638344551392135350,638344551410001712,1786.6362
"nuP17","solo",2,"c","play_wall",36,638344551410125660,638344551410450761,32.5101
"nuP17","solo",2,"c","view_wall",37,638344551411461269,638344551432708449,2124.718
"nuP17","solo",2,"c","play_wall",39,638344551436538467,638344551470679044,3414.0577
"nuP17","solo",2,"c","build_wall",40,638344551471209043,638344551491799257,2059.0214
"nuP17","solo",2,"c","play_wall",41,638344551493499260,638344551525260546,3176.1286
"nuP17","solo",2,"c","build_wall",42,638344551525370543,638344551542540574,1717.0031
"nuP17","solo",2,"c","play_wall",44,638344551542660575,638344551579479570,3681.8995
"nuP17","solo",2,"c","build_wall",45,638344551580715083,638344551605051162,2433.6079
"nuP17","solo",2,"c","play_wall",46,638344551605171169,638344551624288609,1911.744
"nuP17","solo",2,"c","view_wall",48,638344551624388608,638344551637814704,1342.6096
"nuP17","solo",2,"c","play_wall",49,638344551637924705,638344551667756546,2983.1841
"nuP17","solo",2,"c","build_wall",50,638344551667866535,638344551687886569,2002.0034
"nuP17","solo",2,"c","play_wall",51,638344551688006578,638344551690566573,255.9995
"nuP17","solo",2,"c","view_wall",52,638344551691266576,638344551697181953,591.5377
"nuP17","solo",2,"c","play_wall",53,638344551698960257,638344551718335593,1937.5336
"nuP17","solo",2,"c","build_wall",55,638344551718435601,638344551736301927,1786.6326
"nuP17","solo",2,"c","play_wall",56,638344551737541929,638344551740751935,321.0006
"nuP17","solo",2,"c","view_wall",58,638344551741441929,638344551755082872,1364.0943
"nuP17","solo",2,"c","play_wall",59,638344551757103117,638344551765738753,863.5636
"nuP17","solo",2,"c","build_wall",60,638344551766857005,638344551785216130,1835.9125
"nuP17","solo",2,"c","play_wall",61,638344551785326103,638344551796813383,1148.728
"nuP17","solo",2,"c","build_wall",65,638344551798143377,638344551812059036,1391.5659
"nuP17","solo",2,"c","play_wall",66,638344551813589040,638344551861016127,4742.7087
"nuP17","solo",2,"c","build_wall",67,638344551861846138,638344551882702327,2085.6189
"nuP17","solo",2,"c","view_wall",68,638344551883947596,638344551890658729,671.1133
"nuP17","solo",2,"c","play_wall",69,638344551892379161,638344551943297170,5091.8009
"nuP17","solo",2,"c","build_wall",70,638344551944562336,638344551959444036,1488.17
"nuP17","solo",2,"c","play_wall",71,638344551960664215,638344551982195704,2153.1489
"nuP17","solo",2,"c","build_wall",74,638344551983415720,638344551997615975,1420.0255
"nuP17","solo",2,"c","play_wall",75,638344552001206491,638344552001541616,33.5125
"nuP17","solo",2,"c","view_wall",77,638344552002226720,638344552023218138,2099.1418
"nuP17","solo",2,"c","play_wall",78,638344552023318137,638344552035408413,1209.0276
"nuP17","solo",2,"c","build_wall",79,638344552035738415,638344552051740469,1600.2054
"nuP17","solo",2,"c","play_wall",80,638344552052820479,638344552078180523,2536.0044
"nuP17","solo",2,"c","view_wall",81,638344552078290515,638344552091080546,1279.0031
"nuP17","solo",2,"c","play_wall",82,638344552092950551,638344552094480551,153
"nuP17","solo",2,"c","build_wall",84,638344552095180553,638344552101730566,655.0013
"nuP17","solo",2,"c","play_wall",85,638344552101830565,638344552155652564,5382.1999
"nuP17","solo",2,"c","build_wall",86,638344552156422880,638344552171378785,1495.5905
"nuP17","solo",2,"c","play_wall",89,638344552171478785,638344552175758794,428.0009
"nuP17","solo",2,"c","view_wall",90,638344552176198804,638344552185019188,882.0384
"nuP17","solo",2,"c","play_wall",91,638344552186679186,638344552202469209,1579.0023
"nuP17","solo",2,"c","build_wall",92,638344552202679229,638344552216669241,1399.0012
"nuP17","solo",2,"c","play_wall",93,638344552216959235,638344552226839544,988.0309
"nuP17","solo",2,"c","build_wall",94,638344552227499539,638344552241719561,1422.0022
"nuP17","solo",2,"c","play_wall",95,638344552241829564,638344552258340900,1651.1336
"nuP17","solo",2,"c","build_wall",99,638344552259396038,638344552274527451,1513.1413
"nuP17","solo",2,"c","play_wall",100,638344552274627452,638344552278517459,389.0007
"nuP17","solo",2,"c","view_wall",101,638344552279257458,638344552303417501,2416.0043
"nuP17","solo",2,"c","play_wall",102,638344552303517503,638344552313038328,952.0825
"nuP17","solo",2,"c","build_wall",104,638344552313908324,638344552330690951,1678.2627
"nuP17","solo",2,"c","play_wall",105,638344552332030957,638344552340941310,891.0353
"nuP17","solo",2,"c","build_wall",107,638344552341931308,638344552356662928,1473.162
"nuP17","solo",2,"c","play_wall",108,638344552357563176,638344552366999047,943.5871
"nuP17","solo",2,"c","build_wall",111,638344552368219293,638344552381936727,1371.7434
"nuP17","solo",2,"c","play_wall",112,638344552384227331,638344552390652649,642.5318
"nuP17","solo",2,"c","view_wall",113,638344552391907948,638344552398658428,675.048
"nuP17","solo",2,"c","play_wall",114,638344552399348429,638344552421648859,2230.043
"nuP17","solo",2,"c","build_wall",116,638344552423898873,638344552436135237,1223.6364
"nuP17","solo",2,"c","play_wall",117,638344552437185241,638344552447745918,1056.0677
"nuP17","solo",2,"c","build_wall",120,638344552449954091,638344552460880126,1092.6035
"nuP17","solo",2,"c","play_wall",121,638344552463670138,638344552475540152,1187.0014
"nuP17","solo",2,"c","build_wall",123,638344552476770166,638344552491960669,1519.0503
"nuP17","solo",2,"c","play_wall",125,638344552493495819,638344552511609141,1811.3322
"nuP17","solo",2,"c","build_wall",127,638344552513619912,638344552532140236,1852.0324
"nuP17","solo",2,"c","play_wall",131,638344552533390242,638344552557250280,2386.0038
"nuP17","solo",2,"c","view_wall",132,638344552558060285,638344552575170844,1711.0559
"nuP17","solo",2,"c","play_wall",133,638344552575270826,638344552595241995,1997.1169
"nuP17","solo",2,"c","view_wall",136,638344552595452001,638344552607602018,1215.0017
"nuP17","solo",2,"c","play_wall",137,638344552607712017,638344552627554713,1984.2696
"nuP17","solo",2,"c","build_wall",138,638344552627674717,638344552643080317,1540.56
"nuP17","solo",2,"c","play_wall",139,638344552644700879,638344552655782826,1108.1947
"nuP17","solo",2,"c","build_wall",140,638344552656202838,638344552669412868,1321.003
"nuP17","solo",2,"c","play_wall",141,638344552672862868,638344552673332866,46.9998
"nuP17","solo",2,"c","view_wall",142,638344552674032858,638344552681362873,733.0015
"nuP17","solo",2,"c","play_wall",143,638344552681472873,638344552696459048,1498.6175
"nuP17","solo",2,"c","build_wall",144,638344552697549051,638344552710979073,1343.0022
"nuP17","solo",2,"c","play_wall",145,638344552712179094,638344552739159607,2698.0513
"nuP17","solo",2,"c","build_wall",147,638344552740534718,638344552756486224,1595.1506
"nuP17","solo",2,"c","play_wall",148,638344552756606218,638344552765306706,870.0488
"nuP17","solo",2,"c","build_wall",150,638344552765856707,638344552780946736,1509.0029
"nuP17","solo",2,"c","play_wall",151,638344552781716745,638344552785046742,332.9997
"nuP17","solo",2,"c","view_wall",155,638344552785816745,638344552799642054,1382.5309
"nuP17","solo",2,"c","play_wall",156,638344552799762049,638344552816943404,1718.1355
"nuP17","solo",2,"c","view_wall",158,638344552817043408,638344552822273413,523.0005
"nuP17","solo",2,"c","play_wall",160,638344552823413423,638344552842479189,1906.5766
"nuP17","solo",2,"c","build_wall",161,638344552842929197,638344552858039217,1511.002
"nuP17","solo",2,"c","play_wall",162,638344552858599226,638344552883521179,2492.1953
"nuP17","solo",2,"c","build_wall",164,638344552885096945,638344552898233961,1313.7016
"nuP17","solo",2,"c","play_wall",165,638344552898883964,638344552966018633,6713.4669
"nuP17","solo",2,"c","build_wall",170,638344552966508645,638344552981055111,1454.6466
"nuP17","solo",2,"c","play_wall",171,638344552983415570,638344552998957603,1554.2033
"nuP17","solo",2,"c","build_wall",175,638344552999827604,638344553016263191,1643.5587
"nuP17","solo",2,"c","play_wall",176,638344553016383193,638344553059028128,4264.4935
"nuP17","solo",2,"c","build_wall",177,638344553059808276,638344553076701454,1689.3178
"nuP17","solo",2,"c","play_wall",178,638344553080151452,638344553080571443,41.9991
"nuP17","solo",2,"c","view_wall",179,638344553081231450,638344553088801665,757.0215
"nuP17","solo",2,"c","play_wall",181,638344553092601671,638344553124989346,3238.7675
"nuP17","solo",2,"c","build_wall",182,638344553125109344,638344553139649370,1454.0026
"nuP17","solo",2,"c","play_wall",183,638344553139769375,638344553148279580,851.0205
"nuP17","solo",2,"c","build_wall",184,638344553148389585,638344553161970056,1358.0471
"nuP17","solo",2,"c","play_wall",185,638344553162100052,638344553175410325,1331.0273
"nuP17","solo",2,"c","build_wall",186,638344553175510328,638344553187950763,1244.0435
"nuP17","solo",2,"c","play_wall",187,638344553189070771,638344553205511295,1644.0524
"nuP17","solo",2,"c","build_wall",189,638344553205621299,638344553220411328,1479.0029
"nuP17","solo",2,"c","play_wall",190,638344553221181323,638344553243948838,2276.7515
"nuP17","solo",2,"c","view_wall",191,638344553244498846,638344553252528844,802.9998
"nuP17","solo",2,"c","play_wall",192,638344553254088847,638344553268059051,1397.0204
"nuP17","solo",2,"c","build_wall",196,638344553269749058,638344553287354914,1760.5856
"nuP17","solo",2,"c","play_wall",198,638344553288024915,638344553307058357,1903.3442
"nuP17","solo",2,"c","build_wall",199,638344553308618354,638344553328624267,2000.5913
"nuP17","solo",2,"c","play_wall",201,638344553328724272,638344553387324959,5860.0687
"nuP17","solo",2,"c","build_wall",205,638344553388224957,638344553417079127,2885.417
"nuP17","solo",2,"c","play_wall",206,638344553417479122,638344553417679122,20
"nuP17","solo",2,"c","view_wall",209,638344553418419128,638344553433129156,1471.0028
"nuP17","solo",2,"c","play_wall",210,638344553435339163,638344553471168169,3582.9006
"nuP17","solo",2,"c","build_wall",213,638344553471388171,638344553490825057,1943.6886
"nuP17","solo",2,"c","play_wall",214,638344553491270148,638344553496170373,490.0225
"nuP17","solo",2,"c","view_wall",216,638344553497190372,638344553502950394,576.0022
"nuP17","solo",2,"c","play_wall",217,638344553504760387,638344553523740786,1898.0399
"nuP17","solo",2,"c","build_wall",218,638344553524510797,638344553539363336,1485.2539
"nuP17","solo",2,"c","play_wall",219,638344553539918440,638344553552490661,1257.2221
"nuP17","solo",2,"c","build_wall",220,638344553552595776,638344553564116507,1152.0731
"nuP17","solo",2,"c","play_wall",221,638344553564966499,638344553593747208,2878.0709
"nuP17","solo",2,"c","build_wall",224,638344553594367209,638344553606106548,1173.9339
"nuP17","solo",2,"c","play_wall",225,638344553607046834,638344553620098125,1305.1291
"nuP17","solo",2,"c","build_wall",227,638344553621328121,638344553636298402,1497.0281
"nuP17","solo",2,"c","play_wall",230,638344553636428405,638344553682115720,4568.7315
"nuP17","solo",2,"c","build_wall",231,638344553682415727,638344553701216918,1880.1191
"nuP17","solo",2,"c","play_wall",232,638344553701316923,638344553717158605,1584.1682
"nuP17","solo",2,"c","build_wall",235,638344553717718604,638344553733162482,1544.3878
"nuP17","solo",2,"c","play_wall",236,638344553733262474,638344553746419571,1315.7097
"nuP17","solo",2,"c","build_wall",239,638344553748174940,638344553763815616,1564.0676
"nuP17","solo",2,"c","play_wall",241,638344553763915623,638344553791918862,2800.3239
"nuP17","solo",2,"c","build_wall",242,638344553795119499,638344553809480679,1436.118
"nuP17","solo",2,"c","play_wall",243,638344553809600678,638344553822891281,1329.0603
"nuP17","solo",2,"c","build_wall",246,638344553826121276,638344553840651583,1453.0307
"nuP17","solo",2,"c","play_wall",247,638344553841906868,638344553863094687,2118.7819
"nuP17","solo",2,"c","build_wall",250,638344553864314683,638344553880045323,1573.064
"nuP17","solo",2,"c","play_wall",251,638344553881305327,638344553900866000,1956.0673
"nuP17","solo",2,"c","build_wall",253,638344553902091254,638344553919762598,1767.1344
"nuP17","solo",2,"c","play_wall",255,638344553919872598,638344553951028324,3115.5726
"nuP17","solo",2,"c","view_wall",256,638344553951138326,638344553974859346,2372.102
"nuP17","co",2,"c","play_wall",2,638344561316181183,638344561326632182,1045.0999
"nuP17","co",2,"c","view_wall",4,638344561327287310,638344561346738270,1945.096
"nuP17","co",2,"c","play_wall",5,638344561346848274,638344561360418756,1357.0482
"nuP17","co",2,"c","view_wall",8,638344561360518759,638344561366978937,646.0178
"nuP17","co",2,"c","play_wall",9,638344561368509157,638344561370179154,166.9997
"nuP17","co",2,"c","build_wall",10,638344561372639156,638344561400135298,2749.6142
"nuP17","co",2,"c","play_wall",11,638344561400255303,638344561413890898,1363.5595
"nuP17","co",2,"c","build_wall",12,638344561417360904,638344561438479566,2111.8662
"nuP17","co",2,"c","play_wall",13,638344561438579559,638344561439579571,100.0012
"nuP17","co",2,"c","view_wall",15,638344561440009572,638344561448805605,879.6033
"nuP17","co",2,"c","play_wall",16,638344561448925605,638344561477645057,2871.9452
"nuP17","co",2,"c","build_wall",17,638344561478755063,638344561490010376,1125.5313
"nuP17","co",2,"c","play_wall",18,638344561490120385,638344561490570380,44.9995
"nuP17","co",2,"c","view_wall",19,638344561491490382,638344561502942513,1145.2131
"nuP17","co",2,"c","build_wall",20,638344561503042519,638344561523808457,2076.5938
"nuP17","co",2,"c","play_wall",22,638344561523928457,638344561571313112,4738.4655
"nuP17","co",2,"c","build_wall",23,638344561571413112,638344561605485984,3407.2872
"nuP17","co",2,"c","play_wall",24,638344561605585988,638344561607975988,239
"nuP17","co",2,"c","view_wall",28,638344561608785997,638344561617141591,835.5594
"nuP17","co",2,"c","play_wall",29,638344561617261591,638344561628248279,1098.6688
"nuP17","co",2,"c","build_wall",30,638344561629158517,638344561656035183,2687.6666
"nuP17","co",2,"c","play_wall",31,638344561656139936,638344561677001058,2086.1122
"nuP17","co",2,"c","build_wall",34,638344561678116182,638344561700359937,2224.3755
"nuP17","co",2,"c","view_wall",38,638344561701239939,638344561713535780,1229.5841
"nuP17","co",2,"c","play_wall",40,638344561713645779,638344561730431990,1678.6211
"nuP17","co",2,"c","build_wall",43,638344561731761987,638344561752742017,2098.003
"nuP17","co",2,"c","view_wall",44,638344561758867530,638344561769919002,1105.1472
"nuP17","co",2,"c","play_wall",45,638344561770019006,638344561794849540,2483.0534
"nuP17","co",2,"c","build_wall",47,638344561795649766,638344561832685019,3703.5253
"nuP17","co",2,"c","view_wall",49,638344561833340128,638344561840850133,751.0005
"nuP17","co",2,"c","play_wall",50,638344561843260145,638344561879363237,3610.3092
"nuP17","co",2,"c","build_wall",53,638344561879913505,638344561911040603,3112.7098
"nuP17","co",2,"c","play_wall",54,638344561911160601,638344561930431455,1927.0854
"nuP17","co",2,"c","build_wall",55,638344561933046938,638344561954346474,2129.9536
"nuP17","co",2,"c","play_wall",56,638344561954446484,638344561954786487,34.0003
"nuP17","co",2,"c","view_wall",57,638344561955506482,638344561961196989,569.0507
"nuP17","co",2,"c","play_wall",58,638344561962732293,638344561997300959,3456.8666
"nuP17","co",2,"c","build_wall",60,638344561997480962,638344562020841000,2336.0038
"nuP17","co",2,"c","play_wall",61,638344562020960993,638344562021400993,44
"nuP17","co",2,"c","view_wall",62,638344562022070996,638344562031781370,971.0374
"nuP17","co",2,"c","play_wall",63,638344562031906456,638344562103068159,7116.1703
"nuP17","co",2,"c","view_wall",65,638344562103838141,638344562116719829,1288.1688
"nuP17","co",2,"c","play_wall",66,638344562120650775,638344562120880781,23.0006
"nuP17","co",2,"c","build_wall",68,638344562121490777,638344562160447606,3895.6829
"nuP17","co",2,"c","play_wall",69,638344562160567606,638344562181179461,2061.1855
"nuP17","co",2,"c","build_wall",71,638344562182579460,638344562222010039,3943.0579
"nuP17","co",2,"c","play_wall",72,638344562226715277,638344562239620589,1290.5312
"nuP17","co",2,"c","build_wall",75,638344562240800590,638344562329327549,8852.6959
"nuP17","co",2,"c","play_wall",76,638344562329437540,638344562330597806,116.0266
"nuP17","co",2,"c","view_wall",77,638344562331378014,638344562342894627,1151.6613
"nuP17","co",2,"c","play_wall",78,638344562342994620,638344562352254866,926.0246
"nuP17","co",2,"c","build_wall",79,638344562352804867,638344562398360516,4555.5649
"nuP17","co",2,"c","play_wall",80,638344562398480515,638344562399710518,123.0003
"nuP17","co",2,"c","view_wall",81,638344562400510529,638344562407720529,721
"nuP17","co",2,"c","play_wall",82,638344562409140536,638344562421496788,1235.6252
"nuP17","co",2,"c","build_wall",84,638344562422561964,638344562451794393,2923.2429
"nuP17","co",2,"c","play_wall",85,638344562454144640,638344562455094652,95.0012
"nuP17","co",2,"c","view_wall",86,638344562455894642,638344562463915199,802.0557
"nuP17","co",2,"c","play_wall",87,638344562465780325,638344562468090335,231.001
"nuP17","co",2,"c","build_wall",88,638344562469450337,638344562475350590,590.0253
"nuP17","co",2,"c","play_wall",89,638344562475460594,638344562490860611,1540.0017
"nuP17","co",2,"c","view_wall",91,638344562490970946,638344562497301481,633.0535
"nuP17","co",2,"c","play_wall",92,638344562500571486,638344562501441502,87.0016
"nuP17","co",2,"c","build_wall",95,638344562502991487,638344562529701880,2671.0393
"nuP17","co",2,"c","play_wall",96,638344562529811879,638344562533941886,413.0007
"nuP17","co",2,"c","view_wall",97,638344562535181892,638344562541757831,657.5939
"nuP17","co",2,"c","play_wall",98,638344562541867831,638344562556819098,1495.1267
"nuP17","co",2,"c","build_wall",99,638344562557599099,638344562576959788,1936.0689
"nuP17","co",2,"c","play_wall",100,638344562577930030,638344562629003541,5107.3511
"nuP17","co",2,"c","build_wall",102,638344562629343544,638344562651743919,2240.0375
"nuP17","co",2,"c","play_wall",103,638344562651843908,638344562662233925,1039.0017
"nuP17","co",2,"c","view_wall",104,638344562663574205,638344562674800057,1122.5852
"nuP17","co",2,"c","play_wall",105,638344562674920066,638344562684150067,923.0001
"nuP17","co",2,"c","build_wall",106,638344562684240067,638344562695580091,1134.0024
"nuP17","co",2,"c","play_wall",107,638344562695690091,638344562696240094,55.0003
"nuP17","co",2,"c","view_wall",109,638344562697050096,638344562705180107,813.0011
"nuP17","co",2,"c","play_wall",110,638344562705290100,638344562711860111,657.0011
"nuP17","co",2,"c","build_wall",111,638344562711970106,638344562718350289,638.0183
"nuP17","co",2,"c","play_wall",112,638344562718700278,638344562759730819,4103.0541
"nuP17","co",2,"c","build_wall",114,638344562759830818,638344562787136827,2730.6009
"nuP17","co",2,"c","play_wall",116,638344562788581989,638344562810632327,2205.0338
"nuP17","co",2,"c","build_wall",117,638344562811622330,638344562818542335,692.0005
"nuP17","co",2,"c","play_wall",118,638344562818642334,638344562822352356,371.0022
"nuP17","co",2,"c","view_wall",119,638344562823052344,638344562847379349,2432.7005
"nuP17","co",2,"c","play_wall",121,638344562847489338,638344562891290484,4380.1146
"nuP17","co",2,"c","build_wall",125,638344562892170485,638344562918983711,2681.3226
"nuP17","co",2,"c","play_wall",126,638344562920783907,638344562982880497,6209.659
"nuP17","co",2,"c","build_wall",129,638344562983970497,638344563007746754,2377.6257
"nuP17","co",2,"c","play_wall",130,638344563007846756,638344563008416755,56.9999
"nuP17","co",2,"c","view_wall",132,638344563009106749,638344563019766766,1066.0017
"nuP17","co",2,"c","play_wall",133,638344563019886765,638344563041594738,2170.7973
"nuP17","co",2,"c","build_wall",135,638344563041709829,638344563058839857,1713.0028
"nuP17","co",2,"c","play_wall",136,638344563058939856,638344563059209850,26.9994
"nuP17","co",2,"c","view_wall",137,638344563059969861,638344563071419868,1145.0007
"nuP17","co",2,"c","play_wall",138,638344563071529874,638344563081750333,1022.0459
"nuP17","co",2,"c","build_wall",141,638344563082380341,638344563102306284,1992.5943
"nuP17","co",2,"c","play_wall",142,638344563104056503,638344563106876510,282.0007
"nuP17","co",2,"c","view_wall",143,638344563107086514,638344563120606954,1352.044
"nuP17","co",2,"c","play_wall",144,638344563120742113,638344563131822835,1108.0722
"nuP17","co",2,"c","build_wall",146,638344563133228202,638344563148109353,1488.1151
"nuP17","co",2,"c","play_wall",147,638344563149819641,638344563168781921,1896.228
"nuP17","co",2,"c","view_wall",149,638344563168881912,638344563176908490,802.6578
"nuP17","co",2,"c","play_wall",150,638344563177013587,638344563178458965,144.5378
"nuP17","co",2,"c","build_wall",152,638344563179134068,638344563229520310,5038.6242
"nuP17","co",2,"c","view_wall",154,638344563234120303,638344563241310311,719.0008
"nuP17","co",2,"c","play_wall",155,638344563241420307,638344563251650331,1023.0024
"nuP17","co",2,"c","view_wall",157,638344563251770321,638344563263625960,1185.5639
"nuP17","co",2,"c","play_wall",158,638344563263745961,638344563298218033,3447.2072
"nuP17","co",2,"c","build_wall",160,638344563299008031,638344563330881021,3187.299
"nuP17","co",2,"c","view_wall",162,638344563331001021,638344563336871027,587.0006
"nuP17","co",2,"c","play_wall",164,638344563338751037,638344563352631359,1388.0322
"nuP17","co",2,"c","build_wall",165,638344563353571377,638344563374361396,2079.0019
"nuP17","co",2,"c","play_wall",166,638344563374531388,638344563375711386,117.9998
"nuP17","co",2,"c","view_wall",167,638344563376581391,638344563384396507,781.5116
"nuP17","co",2,"c","play_wall",168,638344563385926511,638344563398573128,1264.6617
"nuP17","co",2,"c","build_wall",169,638344563398923122,638344563420048970,2112.5848
"nuP17","co",2,"c","play_wall",170,638344563420148957,638344563425078965,493.0008
"nuP17","co",2,"c","view_wall",172,638344563425188966,638344563435398981,1021.0015
"nuP17","co",2,"c","play_wall",173,638344563435518983,638344563457679714,2216.0731
"nuP17","co",2,"c","build_wall",174,638344563458675068,638344563471520694,1284.5626
"nuP17","co",2,"c","play_wall",175,638344563473000681,638344563489000696,1600.0015
"nuP17","co",2,"c","build_wall",177,638344563490990711,638344563507829439,1683.8728
"nuP17","co",2,"c","play_wall",178,638344563509284533,638344563515880078,659.5545
"nuP17","co",2,"c","view_wall",179,638344563515980079,638344563528427237,1244.7158
"nuP17","co",2,"c","play_wall",180,638344563529827402,638344563540223519,1039.6117
"nuP17","co",2,"c","build_wall",181,638344563540958613,638344563630027500,8906.8887
"nuP17","co",2,"c","play_wall",184,638344563630147498,638344563687543489,5739.5991
"nuP17","co",2,"c","build_wall",186,638344563687658593,638344563718747508,3108.8915
"nuP17","co",2,"c","play_wall",187,638344563721927789,638344563723127797,120.0008
"nuP17","co",2,"c","view_wall",188,638344563723907791,638344563744629477,2072.1686
"nuP17","co",2,"c","play_wall",189,638344563744739477,638344563756499497,1176.002
"nuP17","co",2,"c","build_wall",192,638344563757279493,638344563825832716,6855.3223
"nuP17","co",2,"c","play_wall",193,638344563825952717,638344563826412875,46.0158
"nuP17","co",2,"c","view_wall",194,638344563827433024,638344563833699106,626.6082
"nuP17","co",2,"c","play_wall",195,638344563835709111,638344563851029940,1532.0829
"nuP17","co",2,"c","view_wall",197,638344563851129941,638344563863692050,1256.2109
"nuP17","co",2,"c","play_wall",198,638344563865602052,638344563902342975,3674.0923
"nuP17","co",2,"c","view_wall",200,638344563904235875,638344563913930796,969.4921
"nuP17","co",2,"c","build_wall",201,638344563918370794,638344563933130812,1476.0018
"nuP17","co",2,"c","play_wall",202,638344563934181044,638344563939751256,557.0212
"nuP17","co",2,"c","build_wall",203,638344563942356343,638344563969122586,2676.6243
"nuP17","co",2,"c","play_wall",204,638344563969222593,638344563969682584,45.9991
"nuP17","co",2,"c","view_wall",206,638344563970252911,638344563981304364,1105.1453
"nuP17","co",2,"c","play_wall",207,638344563983114404,638344563993625499,1051.1095
"nuP17","co",2,"c","build_wall",208,638344563994525490,638344564020777376,2625.1886
"nuP17","co",2,"c","play_wall",209,638344564020887377,638344564026087941,520.0564
"nuP17","co",2,"c","view_wall",210,638344564026548212,638344564040608706,1406.0494
"nuP17","co",2,"c","play_wall",211,638344564040708707,638344564051928720,1122.0013
"nuP17","co",2,"c","build_wall",212,638344564052423802,638344564082550063,3012.6261
"nuP17","co",2,"c","play_wall",213,638344564082650057,638344564087510061,486.0004
"nuP17","co",2,"c","view_wall",214,638344564088490070,638344564094700073,621.0003
"nuP17","co",2,"c","play_wall",215,638344564096190078,638344564100600076,440.9998
"nuP17","co",2,"c","view_wall",216,638344564102130079,638344564111270096,914.0017
"nuP17","co",2,"c","play_wall",219,638344564111380096,638344564125885227,1450.5131
"nuP17","co",2,"c","build_wall",220,638344564127175504,638344564127845728,67.0224
"nuP17","co",2,"c","play_wall",221,638344564131216274,638344564132401574,118.53
"nuP17","co",2,"c","view_wall",223,638344564133356685,638344564138997353,564.0668
"nuP17","co",2,"c","build_wall",225,638344564143767616,638344564170003333,2623.5717
"nuP17","co",2,"c","play_wall",226,638344564170113331,638344564171343340,123.0009
"nuP17","co",2,"c","view_wall",227,638344564172123334,638344564181023346,890.0012
"nuP17","co",2,"c","play_wall",228,638344564183043354,638344564200560546,1751.7192
"nuP17","co",2,"c","view_wall",230,638344564201000549,638344564210970559,997.001
"nuP17","co",2,"c","play_wall",231,638344564212705984,638344564223326969,1062.0985
"nuP17","co",2,"c","build_wall",233,638344564223966960,638344564231987287,802.0327
"nuP17","co",2,"c","play_wall",234,638344564235367292,638344564239737297,437.0005
"nuP17","co",2,"c","view_wall",237,638344564240527311,638344564250087310,955.9999
"nuP17","comp",1,"c","play_wall",2,638344564250197310,638344566000933487,175073.6177
"nuP17","comp",1,"c","view_wall",3,638344566001713490,638344566034049012,3233.5522
"nuP17","comp",1,"c","play_wall",4,638344566034159013,638344566046339452,1218.0439
"nuP17","comp",1,"c","build_wall",5,638344566048119454,638344566067339704,1922.025
"nuP17","comp",1,"c","play_wall",6,638344566070360388,638344566071490698,113.031
"nuP17","comp",1,"c","view_wall",8,638344566071830696,638344566078130702,630.0006
"nuP17","comp",1,"c","play_wall",9,638344566078250699,638344566102608224,2435.7525
"nuP17","comp",1,"c","view_wall",11,638344566102708233,638344566107348236,464.0003
"nuP17","comp",1,"c","play_wall",12,638344566110048718,638344566111478713,142.9995
"nuP17","comp",1,"c","build_wall",13,638344566113978722,638344566135639159,2166.0437
"nuP17","comp",1,"c","play_wall",14,638344566137259158,638344566148869884,1161.0726
"nuP17","comp",1,"c","build_wall",15,638344566148969881,638344566165050150,1608.0269
"nuP17","comp",1,"c","play_wall",19,638344566165150146,638344566223632606,5848.246
"nuP17","comp",1,"c","view_wall",20,638344566225312832,638344566236033789,1072.0957
"nuP17","comp",1,"c","play_wall",21,638344566237263786,638344566246944950,968.1164
"nuP17","comp",1,"c","build_wall",24,638344566247264952,638344566328770511,8150.5559
"nuP17","comp",1,"c","play_wall",25,638344566329250515,638344566339167296,991.6781
"nuP17","comp",1,"c","build_wall",27,638344566343207544,638344566484051080,14084.3536
"nuP17","comp",1,"c","play_wall",28,638344566484281080,638344566496151093,1187.0013
"nuP17","comp",1,"c","build_wall",32,638344566496551089,638344566520501121,2395.0032
"nuP17","comp",1,"c","play_wall",33,638344566524251131,638344566524481140,23.0009
"nuP17","comp",1,"c","view_wall",34,638344566525721125,638344566534801451,908.0326
"nuP17","comp",1,"c","play_wall",36,638344566536834746,638344566555893551,1905.8805
"nuP17","comp",1,"c","build_wall",38,638344566556003555,638344566616823658,6082.0103
"nuP17","comp",1,"c","play_wall",40,638344566616943653,638344566655861716,3891.8063
"nuP17","comp",1,"c","build_wall",42,638344566656291710,638344566707863367,5157.1657
"nuP17","comp",1,"c","play_wall",43,638344566709643365,638344566721103376,1146.0011
"nuP17","comp",1,"c","build_wall",46,638344566721813377,638344566748514752,2670.1375
"nuP17","comp",1,"c","view_wall",47,638344566748624755,638344566761255323,1263.0568
"nuP17","comp",1,"c","play_wall",48,638344566761365326,638344566772126902,1076.1576
"nuP17","comp",1,"c","build_wall",49,638344566773022072,638344566794559009,2153.6937
"nuP17","comp",1,"c","view_wall",50,638344566799309276,638344566807729594,842.0318
"nuP17","comp",1,"c","play_wall",51,638344566807839595,638344566822330905,1449.131
"nuP17","comp",1,"c","build_wall",56,638344566823775993,638344566846113357,2233.7364
"nuP17","comp",1,"c","view_wall",58,638344566850598464,638344566862783845,1218.5381
"nuP17","comp",1,"c","play_wall",59,638344566865904061,638344566866569170,66.5109
"nuP17","comp",1,"c","build_wall",60,638344566867229398,638344566875040924,781.1526
"nuP17","comp",1,"c","play_wall",61,638344566877681523,638344566878441749,76.0226
"nuP17","comp",1,"c","view_wall",62,638344566879431934,638344566885658103,622.6169
"nuP17","comp",1,"c","play_wall",63,638344566886748290,638344566896539004,979.0714
"nuP17","comp",1,"c","build_wall",67,638344566897318997,638344566919657101,2233.8104
"nuP17","comp",1,"c","play_wall",68,638344566919757069,638344566920102198,34.5129
"nuP17","comp",1,"c","view_wall",71,638344566921017360,638344566937173708,1615.6348
"nuP17","comp",1,"c","play_wall",73,638344566941053709,638344566963209800,2215.6091
"nuP17","comp",1,"c","build_wall",75,638344566963449802,638344566980516968,1706.7166
"nuP17","comp",1,"c","play_wall",76,638344566983472385,638344566983947546,47.5161
"nuP17","comp",1,"c","view_wall",77,638344566984727956,638344566989598663,487.0707
"nuP17","comp",1,"c","play_wall",78,638344566991298669,638344566999278936,798.0267
"nuP17","comp",1,"c","build_wall",79,638344567000148939,638344567014239966,1409.1027
"nuP17","comp",1,"c","play_wall",80,638344567017499971,638344567022359978,486.0007
"nuP17","comp",1,"c","view_wall",81,638344567023119977,638344567036900396,1378.0419
"nuP17","comp",1,"c","play_wall",82,638344567037010404,638344567050338848,1332.8444
"nuP17","comp",1,"c","build_wall",83,638344567053508850,638344567068558871,1505.0021
"nuP17","comp",1,"c","play_wall",84,638344567069684018,638344567080301209,1061.7191
"nuP17","comp",1,"c","build_wall",85,638344567080421216,638344567096016806,1559.559
"nuP17","comp",1,"c","play_wall",86,638344567096116804,638344567109007067,1289.0263
"nuP17","comp",1,"c","view_wall",87,638344567109127041,638344567119677048,1055.0007
"nuP17","comp",1,"c","play_wall",88,638344567119787056,638344567121697055,190.9999
"nuP17","comp",1,"c","view_wall",90,638344567122697055,638344567131427478,873.0423
"nuP17","comp",1,"c","build_wall",91,638344567135688103,638344567152704772,1701.6669
"nuP17","comp",1,"c","play_wall",92,638344567152824769,638344567163149884,1032.5115
"nuP17","comp",1,"c","build_wall",94,638344567164739887,638344567182755753,1801.5866
"nuP17","comp",1,"c","play_wall",96,638344567185885757,638344567205657426,1977.1669
"nuP17","comp",1,"c","build_wall",97,638344567206437427,638344567224487671,1805.0244
"nuP17","comp",1,"c","play_wall",98,638344567224707677,638344567236473050,1176.5373
"nuP17","comp",1,"c","build_wall",99,638344567236583045,638344567253363592,1678.0547
"nuP17","comp",1,"c","play_wall",100,638344567254033594,638344567259368832,533.5238
"nuP17","comp",1,"c","view_wall",103,638344567259589043,638344567287120522,2753.1479
"nuP17","comp",1,"c","play_wall",104,638344567288255879,638344567301372331,1311.6452
"nuP17","comp",1,"c","build_wall",105,638344567302122345,638344567321066635,1894.429
"nuP17","comp",1,"c","play_wall",106,638344567321176637,638344567329836884,866.0247
"nuP17","comp",1,"c","build_wall",108,638344567330056879,638344567341568276,1151.1397
"nuP17","comp",1,"c","play_wall",109,638344567342938539,638344567367883920,2494.5381
"nuP17","comp",1,"c","view_wall",110,638344567368219033,638344567374559399,634.0366
"nuP17","comp",1,"c","build_wall",112,638344567379769636,638344567400139652,2037.0016
"nuP17","comp",1,"c","play_wall",113,638344567400259657,638344567425619684,2536.0027
"nuP17","comp",1,"c","build_wall",116,638344567429299688,638344567447627720,1832.8032
"nuP17","comp",1,"c","play_wall",117,638344567447727735,638344567463788936,1606.1201
"nuP17","comp",1,"c","view_wall",118,638344567463908938,638344567476589406,1268.0468
"nuP17","comp",1,"c","play_wall",119,638344567477269414,638344567480439607,317.0193
"nuP17","comp",1,"c","build_wall",120,638344567481069608,638344567487660198,659.059
"nuP17","comp",1,"c","play_wall",121,638344567489250197,638344567531911968,4266.1771
"nuP17","comp",1,"c","view_wall",122,638344567532030404,638344567533167049,113.6645
"nuP17","comp",1,"c","play_wall",124,638344567534817065,638344567549777076,1496.0011
"nuP17","comp",1,"c","build_wall",125,638344567550657069,638344567571248251,2059.1182
"nuP17","comp",1,"c","play_wall",126,638344567574548484,638344567574888493,34.0009
"nuP17","comp",1,"c","view_wall",128,638344567575678508,638344567604689989,2901.1481
"nuP17","comp",1,"c","build_wall",131,638344567605019985,638344567624764388,1974.4403
"nuP17","comp",1,"c","play_wall",135,638344567624874394,638344567661630888,3675.6494
"nuP17","comp",1,"c","build_wall",138,638344567661940892,638344567688933048,2699.2156
"nuP17","comp",1,"c","play_wall",139,638344567689053052,638344567689283048,22.9996
"nuP17","comp",1,"c","view_wall",140,638344567690318493,638344567696709239,639.0746
"nuP17","comp",1,"c","play_wall",141,638344567698609546,638344567740574171,4196.4625
"nuP17","comp",1,"c","build_wall",142,638344567740674176,638344567743114178,244.0002
"nuP17","comp",1,"c","play_wall",143,638344567744964174,638344567746064175,110.0001
"nuP17","comp",1,"c","view_wall",145,638344567746624176,638344567752719297,609.5121
"nuP17","comp",1,"c","build_wall",147,638344567757389293,638344567776150661,1876.1368
"nuP17","comp",1,"c","play_wall",148,638344567776250662,638344567805553495,2930.2833
"nuP17","comp",1,"c","build_wall",150,638344567806218641,638344567821381353,1516.2712
"nuP17","comp",1,"c","play_wall",151,638344567822031354,638344567824811519,278.0165
"nuP17","comp",1,"c","view_wall",152,638344567825761520,638344567832221767,646.0247
"nuP17","comp",1,"c","build_wall",153,638344567838051774,638344567855221797,1717.0023
"nuP17","comp",1,"c","play_wall",154,638344567855321796,638344567865747394,1042.5598
"nuP17","comp",1,"c","build_wall",155,638344567866257665,638344567882296318,1603.8653
"nuP17","comp",1,"c","play_wall",156,638344567884186556,638344567891657282,747.0726
"nuP17","comp",1,"c","build_wall",157,638344567892087283,638344567911517585,1943.0302
"nuP17","comp",1,"c","play_wall",158,638344567911627580,638344567912517587,89.0007
"nuP17","comp",1,"c","view_wall",159,638344567913247587,638344567924237828,1099.0241
"nuP17","comp",1,"c","play_wall",161,638344567924347829,638344567940419237,1607.1408
"nuP17","comp",1,"c","build_wall",163,638344567941054381,638344567960375540,1932.1159
"nuP17","comp",1,"c","play_wall",164,638344567961025535,638344567963915536,289.0001
"nuP17","comp",1,"c","view_wall",168,638344567964605538,638344567974885955,1028.0417
"nuP17","comp",1,"c","play_wall",169,638344567975986202,638344567978916213,293.0011
"nuP17","comp",1,"c","build_wall",171,638344567979246208,638344568003902503,2465.6295
"nuP17","comp",1,"c","play_wall",172,638344568004802504,638344568020333770,1553.1266
"nuP17","comp",1,"c","build_wall",174,638344568021113764,638344568036000058,1488.6294
"nuP17","comp",1,"c","play_wall",176,638344568037105441,638344568053179526,1607.4085
"nuP17","comp",1,"c","view_wall",178,638344568055429961,638344568066090851,1066.089
"nuP17","comp",1,"c","play_wall",179,638344568067160854,638344568093432270,2627.1416
"nuP17","comp",1,"c","build_wall",180,638344568094902274,638344568116103060,2120.0786
"nuP17","comp",1,"c","play_wall",181,638344568116223062,638344568127183353,1096.0291
"nuP17","comp",1,"c","build_wall",183,638344568127293341,638344568134364232,707.0891
"nuP17","comp",1,"c","play_wall",184,638344568134474242,638344568146229373,1175.5131
"nuP17","comp",1,"c","build_wall",187,638344568147309369,638344568166309576,1900.0207
"nuP17","comp",1,"c","play_wall",188,638344568166419577,638344568187266482,2084.6905
"nuP17","comp",1,"c","build_wall",190,638344568188606704,638344568208947756,2034.1052
"nuP17","comp",1,"c","play_wall",191,638344568209597759,638344568253309069,4371.131
"nuP17","comp",1,"c","build_wall",194,638344568255009073,638344568279679539,2467.0466
"nuP17","comp",1,"c","play_wall",196,638344568279799541,638344568295640855,1584.1314
"nuP17","comp",1,"c","view_wall",197,638344568295760851,638344568326279576,3051.8725
"nuP17","comp",1,"c","play_wall",198,638344568326389575,638344568336329588,994.0013
"nuP17","comp",1,"c","build_wall",199,638344568336759591,638344568353363778,1660.4187
"nuP17","comp",1,"c","play_wall",200,638344568354659598,638344568364734973,1007.5375
"nuP17","comp",1,"c","build_wall",201,638344568364854980,638344568381582373,1672.7393
"nuP17","comp",1,"c","play_wall",202,638344568381702388,638344568390412377,870.9989
"nuP17","comp",1,"c","build_wall",203,638344568390532385,638344568409170670,1863.8285
"nuP17","comp",1,"c","play_wall",204,638344568409300674,638344568433726889,2442.6215
"nuP17","comp",1,"c","build_wall",208,638344568434886890,638344568460777592,2589.0702
"nuP17","comp",1,"c","view_wall",210,638344568460887592,638344568466607601,572.0009
"nuP17","comp",1,"c","play_wall",211,638344568468427606,638344568479253976,1082.637
"nuP17","comp",1,"c","build_wall",212,638344568480029109,638344568499010603,1898.1494
"nuP17","comp",1,"c","play_wall",214,638344568502136640,638344568505626633,348.9993
"nuP17","comp",1,"c","view_wall",215,638344568506066637,638344568509606637,354
"nuP17","comp",1,"c","play_wall",216,638344568510746644,638344568528563129,1781.6485
"nuP17","comp",1,"c","build_wall",217,638344568528893133,638344568532383117,348.9984
"nuP17","comp",1,"c","play_wall",218,638344568534793126,638344568535813121,101.9995
"nuP17","comp",1,"c","view_wall",220,638344568536243128,638344568542664258,642.113
"nuP17","comp",1,"c","build_wall",221,638344568548145280,638344568563541310,1539.603
"nuP17","comp",1,"c","play_wall",222,638344568565021314,638344568579092249,1407.0935
"nuP17","comp",1,"c","build_wall",224,638344568579312255,638344568596633227,1732.0972
"nuP17","comp",1,"c","play_wall",225,638344568598783219,638344568609133231,1035.0012
"nuP17","comp",1,"c","build_wall",227,638344568610043249,638344568634513261,2447.0012
"nuP17","comp",1,"c","play_wall",228,638344568636633455,638344568637563461,93.0006
"nuP17","comp",1,"c","view_wall",230,638344568638103455,638344568646859465,875.601
"nuP17","comp",1,"c","play_wall",231,638344568649109459,638344568657395068,828.5609
"nuP17","comp",1,"c","view_wall",234,638344568657515060,638344568667387237,987.2177
"nuP17","comp",1,"c","play_wall",235,638344568667497240,638344568676933200,943.596
"nuP17","comp",1,"c","build_wall",236,638344568677828325,638344568700274772,2244.6447
"nuP17","comp",1,"c","play_wall",237,638344568702844987,638344568704064991,122.0004
"nuP17","comp",1,"c","view_wall",239,638344568704764993,638344568710095646,533.0653
"nuP17","comp",1,"c","play_wall",240,638344568711475659,638344568727356643,1588.0984
"nuP17","comp",1,"c","build_wall",242,638344568729056898,638344568752859500,2380.2602
"nuP17","comp",1,"c","view_wall",244,638344568753524603,638344568758584816,506.0213
"nuP17","comp",1,"c","play_wall",245,638344568760254817,638344568770725292,1047.0475
"nuP17","comp",1,"c","build_wall",246,638344568771695288,638344568791652329,1995.7041
"nuP17","comp",1,"c","play_wall",248,638344568792222328,638344568808981264,1675.8936
"nuP17","comp",1,"c","view_wall",250,638344568809771480,638344568818091495,832.0015
"nuP17","comp",1,"c","build_wall",253,638344568823231497,638344568842322603,1909.1106
"nuP17","comp",1,"c","play_wall",254,638344568843322611,638344568852372831,905.022
"nuP17","comp",1,"c","view_wall",255,638344568852492830,638344568862442844,995.0014
"nuP17","comp",1,"c","play_wall",257,638344568862552853,638344568888483762,2593.0909
"nuP17","comp",1,"c","view_wall",258,638344568889143750,638344568894884058,574.0308
"nuP17","comp",1,"c","play_wall",259,638344568897514640,638344568898544812,103.0172
"nuP17","comp",1,"c","build_wall",263,638344568898979947,638344568919482614,2050.2667
"nuP17","comp",1,"c","view_wall",266,638344568923528542,638344568934368785,1084.0243
"nuP17","comp",1,"c","play_wall",267,638344568934478773,638344568942878793,840.002
"nuP17","comp",1,"c","build_wall",268,638344568945869003,638344568963139926,1727.0923
"nuP17","comp",1,"c","play_wall",269,638344568964025026,638344568974826203,1080.1177
"nuP17","comp",1,"c","build_wall",270,638344568975901347,638344568976456439,55.5092
