"Participant","Age","Sex","Condition","Trial","Group","avgGrab","avgDrop","avgDropStart","grabCount","dropCount","dropStartCount","avgFullSequence","stillGrab","slowGrab","fastGrab"
"P9",21,"f","comp",2,"e",0.272325478947367,0.613724652702703,0.347630601851854,76,74,54,1.2707014862069,0.362917882608691,0.250776697222223,0.207807285714285
"P9",21,"f","solo",1,"e",0.264236349350651,0.764528514062497,0.440436166666666,77,64,63,1.47034626125,0.299246100000003,0.28855554318182,0.204295649999999
"P9",21,"f","solo",2,"e",0.229454996153847,0.679088870370369,0.394894801234566,78,81,81,1.33904857333333,0.201239322222226,0.251141064181288,0.216046860869564
"P9",21,"f","co",1,"e",0.437176482352942,0.799003321428569,0.461919828571431,17,14,14,1.35107030434783,0.629929322222226,0.224522349999992,0.218931933333333
"P9",21,"f","comp",1,"e",0.260881401136366,0.579272607499998,0.297876325423725,88,80,59,1.12806830097088,0.345450937500002,0.247401445119049,0.195393856521743
"nuP10",22,"f","comp",2,"c",0.233197687179487,0.741688467901235,0.399628175308644,78,81,81,1.38240086853933,0.240245409523806,0.240852924166668,0.21027762631579
"nuP10",22,"f","solo",1,"c",0.295870864197532,0.894539092647061,0.446613502941174,81,68,68,1.58927269770115,0.388720379999996,0.307954857085346,0.235531861904767
"nuP10",22,"f","solo",2,"c",0.256909244186046,0.764693073684212,0.369593228947368,86,76,76,1.57780790909091,0.319865012500001,0.228530329841896,0.265429780000001
"nuP10",22,"f","co",1,"c",0.319298045454541,0.845534070588235,0.38905478235294,33,17,17,1.42446534285714,0.404872245454541,0.276779946153844,0.276122388888882
"nuP10",22,"f","co",2,"c",0.350744005882352,0.980027207692306,0.531007342307691,51,26,26,1.87674622962963,0.461814131578947,0.33261409090909,0.179596579999996
"nuP10",22,"f","comp",1,"c",0.237366908333336,0.777586144303797,0.415877367088607,84,79,79,1.46663305744681,0.231707404545458,0.235811410000001,0.248802471428576
"nuP11",26,"m","comp",2,"e",0.554614097142857,0.974572187878781,0.677475081249997,35,33,32,1.770037264,0.871939505555557,0.243541283333329,0.157018100000004
"nuP11",26,"m","solo",1,"e",0.343958414666667,0.722549127586206,0.497602479310343,75,58,58,1.44037319759036,0.646822624999998,0.318750232173912,0.273752205263165
"nuP11",26,"m","solo",2,"e",0.270300509523811,0.888961679166665,0.483645483333336,42,48,48,1.83310532777778,0.356175763636365,0.241936813461537,0.22419887500001
"nuP11",26,"m","co",1,"e",0.36129184285714,0.900217456249999,0.452717393749996,28,16,16,1.62996320909091,0.397246299999995,0.307586366666663,0.347299950000007
"nuP11",26,"m","co",2,"e",0.280126387500001,0.824582712000002,0.37001719166667,24,25,24,1.1462613025641,0.306412658333336,0.23818919090909,0.426000299999998
"nuP11",26,"m","comp",1,"e",0.309379351219513,0.93476214680851,0.570900021276597,41,47,47,2.13628953606557,0.558956123076923,0.201059480000004,0.174616774999991
"p012",18,"f","comp",2,"e",0.347164456521737,0.489911981428573,0.269490720289856,69,70,69,1.14959411363636,0.467556068749996,0.309767928267973,0.312797638888886
"nuP12",18,"f","solo",1,"e",0.352132,0.609317817948717,0.329866551282051,81,78,78,1.63806494418605,0.361267916666665,0.367548354999998,0.312712650000003
"p012",18,"f","solo",2,"e",0.334074995698925,0.579354174157303,0.330220161797754,93,89,89,1.34768769,0.287614741176468,0.369510960347985,0.305713113793106
"p012",18,"f","co",1,"e",0.391452663636364,0.806097895238095,0.476879809523809,44,21,21,1.44598281111111,0.424576994736843,0.374182955555556,0.345951585714282
"p012",18,"f","co",2,"e",0.343094079245283,0.63057186206897,0.320310548275866,53,29,29,1.40956482222222,0.372059723529411,0.374605575000001,0.272928712500001
"p012",18,"f","comp",1,"e",0.317160608333334,0.543920435955059,0.308021451136364,72,89,88,1.17937701428572,0.4668298,0.298530188157896,0.289042277272728
"nuP13",20,"m","comp",2,"e",0.259071454098361,0.748924763636363,0.511597557575755,61,66,66,1.51726044736842,0.52109278,0.220449941176471,0.182184288235293
"nuP13",20,"m","solo",1,"e",0.345423201587302,0.834199205357145,0.496862514285715,63,56,56,1.7641228875,0.326346450000004,0.36965849404762,0.300839244444443
"nuP13",20,"m","solo",2,"e",0.334796067213116,0.808552657627118,0.509375540677965,61,59,59,1.6228865358209,0.299592884615382,0.3479003775,0.320134940000006
"nuP13",20,"m","co",1,"e",0.294733334146344,0.869787408333334,0.524604379166668,41,24,24,1.81038050714286,0.218917450000003,0.431815292307696,0.25299538
"nuP13",20,"m","co",2,"e",0.244453404545455,0.789507658333333,0.521915866666671,44,24,24,1.37577286818182,0.225950653333327,0.284485488235297,0.210869725000003
"nuP13",20,"m","comp",1,"e",0.275179601724139,0.826745664150944,0.549069577358491,58,53,53,1.30055388611111,0.33046886923077,0.29498061642157,0.20025738125
"nuP14",21,"m","comp",2,"e",0.295708663636364,0.622230993548388,0.377565124193547,55,62,62,1.39998379285714,0.291317433333333,0.322813381983808,0.265730835714284
"nuP14",21,"m","solo",1,"e",0.256526778409092,0.62731162173913,0.451278176811593,88,69,69,1.13280312903226,0.276374936363636,0.261185289259261,0.240229508000002
"nuP14",21,"m","solo",2,"e",0.261629449411764,0.669699741428567,0.40850626285714,85,70,70,1.23405470333333,0.195681130769224,0.258614848481973,0.304750275000002
"nuP14",21,"m","co",1,"e",0.281948394230769,0.84254412857143,0.482658660714287,52,28,28,1.17150062982456,0.2701286625,0.314922657894738,0.243855344444442
"nuP14",21,"m","co",2,"e",0.229298614814817,0.976320716666669,0.565118025000002,54,24,24,0.982492073684211,0.204102643478264,0.26218920526316,0.225514125
"nuP14",21,"m","comp",1,"e",0.206936415625003,0.622913236619721,0.378150115492959,64,71,71,1.41369111012658,0.180065809090913,0.201757204761908,0.235935676470588
"nuP15",21,"m","comp",2,"c",0.2890629,0.773829798666666,0.433725267999999,74,75,75,1.34534104333333,0.434910352941174,0.227145548026316,0.287541277777777
"nuP15",21,"m","solo",1,"c",0.260621519047619,0.773389343283584,0.8280076,84,67,1,1.31099365666667,0.195718480000002,0.251058321011394,0.316541842857148
"nuP15",21,"m","solo",2,"c",0.251599030555556,0.670807558666666,0.368421753333334,72,75,75,1.35401852738095,0.194941333333336,0.261354608184142,0.290532988235295
"nuP15",21,"m","co",1,"c",0.315806731914895,0.955618138461538,0.566617776923075,47,26,26,1.455563968,0.265003990000003,0.395111205555557,0.270092766666666
"nuP15",21,"m","co",2,"c",0.250023028571426,0.808656259259263,0.33240694814815,42,27,27,1.75149607906977,0.161862622222222,0.287592371428568,0.250396983333329
"nuP15",21,"m","comp",1,"c",0.226514308450706,0.776271295945946,0.39483856891892,71,74,74,1.45842322352941,0.249685400000001,0.203326788618928,0.263420105882356
"nuP17",24,"m","comp",2,"c",0.265796074545454,1.10208863833333,0.503493838333332,55,60,60,2.00422039384615,0.334472691666668,0.279228245476188,0.177417892857144
"nuP17",24,"m","solo",1,"c",0.368833800000001,1.14317608478261,0.558906578260867,56,46,46,1.81029649206349,0.238305719999991,0.414371644230771,0.238568172727274
"nuP17",24,"m","solo",2,"c",0.334777746428572,1.03743786,0.446629028,56,50,50,1.75568080952381,0.36560465,0.384661544871793,0.228897200000004
"nuP17",24,"m","co",2,"c",0.329620872093023,1.22822260526316,0.348392910526317,43,19,19,1.94854033333333,0.373849914285714,0.249911393333334,0.367739771428568
"nuP17",24,"m","comp",1,"c",0.30263703125,1.1709299,0.428565404878048,48,41,41,1.96723414736842,0.357020957142855,0.32474130854701,0.195930125
"nuP18",25,"m","comp",2,"c",0.304626128571428,0.824821075471698,0.537236428301887,56,53,53,1.58286345344828,0.218342593333331,0.349779433333335,0.299140118181814
"nuP18",25,"m","solo",1,"c",0.374866935483872,1.14903824042553,0.717971508510637,62,47,47,2.09649521129032,0.397064014285718,0.360822635507247,0.416986218181818
"nuP18",25,"m","solo",2,"c",0.354739088888886,0.893073576119404,0.562546964179105,72,67,67,1.82760126486486,0.279506464285711,0.415815616304346,0.302199261904759
"nuP18",25,"m","co",1,"c",0.288633035135135,1.03277794,0.697218409999999,37,20,20,1.04972331463415,0.256384679999999,0.322644481818181,0.333773233333335
"nuP18",25,"m","co",2,"c",0.331575220454549,0.857885066666666,0.571779277777777,44,27,27,1.43582852222222,0.421038429411769,0.297797457894743,0.221688087499999
"sdP18",25,"m","comp",1,"c",0.348302909523809,0.89388231851852,0.531288861111111,63,54,54,1.57701922535211,0.514206762499999,0.262331137499997,0.327661834782612
"nuP19",24,"f","solo",1,"c",0.271000570588234,1.02278369,0.551317968333333,51,60,60,1.8537215546875,0.176565666666666,0.308109861538458,0.263817606250001
"nuP18",24,"f","solo",2,"c",0.281462426000001,0.93282872238806,0.538257538805971,50,67,67,1.53717502777778,0.412854035714289,0.229669458547008,0.244079250000003
"nuP19",24,"f","co",1,"c",0.433943055882353,1.10614506111111,0.657866844444441,34,18,18,1.744404335,0.535824130434781,0.230231211111113,0.179014000000009
"nuP19",24,NA,"co",2,"c",0.356477732608694,1.090205288,0.480076224000005,46,25,25,1.52140570408163,0.527764015789473,0.266581047058821,0.183858159999997
"nuP19",24,"f","comp",1,"c",0.327233006451614,NA,0.435951948387096,62,NA,62,1.74316607567568,0.491207000000003,0.264557866190477,0.249335026666666
"nuP20",21,"m","comp",2,"c",0.275179476470587,0.616539587012986,0.369149929333333,51,77,75,1.16434913294118,0.458302466666668,0.255247956428571,0.240525287499999
"nuP20",21,"m","solo",1,"c",0.291557445238093,0.788178497260276,0.6779177,84,73,1,1.23698747777778,0.282464477777774,0.292184573667708,0.301311779999999
"nuP10",21,"m","solo",2,"c",0.252064101428571,0.658805770930232,0.385640086746988,70,86,83,1.23946231368421,0.333463616666666,0.252662160102303,0.20873348333333
"nuP20",21,"m","co",1,"c",0.241271781632654,0.720450730303032,0.472994027272727,49,33,33,1.31740920181819,0.226349652631587,0.262011127777774,0.233789466666663
"nuP20",21,"m","co",2,"c",0.354125880434783,0.763924428571429,0.477196925714286,46,35,35,1.42146392115385,0.491852400000002,0.328954672222223,0.208247333333333
"nuP20",21,"m","comp",1,"c",0.256944322807015,0.588339387356322,0.367906648749999,57,87,80,0.919518433,0.351124199999997,0.230391874999997,0.277578193333333
"nuP24",24,"m","comp",2,"c",0.309645750666666,0.693713470129869,0.365634393506492,75,77,77,1.49537392261905,0.336530855555557,0.29982524840909,0.301237286666663
"nuP21",24,"m","solo",1,"c",0.336267090909089,0.817664739682542,0.510068182539682,77,63,63,1.38968858101266,0.307376469999994,0.35220561590476,0.314262885714286
"nuP21",24,"m","solo",2,"c",0.318984386111112,0.899986711940297,0.40968023432836,72,67,67,1.67458489625,0.288454441666669,0.343422738770053,0.289165080952382
"nuP21",24,"m","co",1,"c",0.369346397560976,0.851516483333334,0.426531954166663,41,24,24,1.46514055454546,0.44239772105263,0.297434314285714,0.321695650000007
"nuP21",24,"m","co",2,"c",0.299915458000003,0.839319440540541,0.485313918918921,50,37,37,1.32368171071429,0.353181255555556,0.286113105882359,0.251639166666668
"nuP21",24,"m","comp",1,"c",0.281845698666667,0.78370701794872,0.375916906410258,75,78,78,1.56102287558139,0.230995571428572,0.298932878947369,0.308004437499998
"nuP22",22,"m","comp",2,"c",0.216168930120483,0.690834922388057,0.8069989,83,67,1,1.01844366969697,0.331562282352941,0.189715310858586,0.179651617647062
"nuP22",22,"m","solo",1,"c",0.23832504117647,0.690523917333332,0.445922841333334,85,75,75,1.56574463023256,0.222588675,0.253713150644123,0.216478534782606
"nuP22",22,"m","solo",2,"c",0.221761564772726,0.617421450649349,0.365865963157896,88,77,76,1.22730905268817,0.221418833333333,0.214916478947367,0.238497249999999
"nuP22",22,"m","co",1,"c",0.209003985245904,0.698090468571428,0.401901465714285,61,35,35,1.0802871920635,0.213133144000004,0.204748016666669,0.208913508333333
"nuP22",22,"m","co",2,"c",0.262558750819672,0.678993165625001,0.369704856250001,61,32,32,1.07142979538462,0.301704406060607,0.198082921052634,0.255140322222212
"nuP22",22,"m","comp",1,"c",0.207430324390244,0.62782479589041,0.368487968055553,82,73,72,1.10823066881721,0.308276394999999,0.184208166630434,0.153384294736847
"nuP23",22,"f","comp",2,"c",0.295216536363635,0.903907853703704,0.530577818518516,55,54,54,1.82455724545454,0.372647918181821,0.266387111666665,0.299058615384612
"nuP23",22,"f","solo",1,"c",0.3773759012987,0.892204803174604,0.417564826984125,77,63,63,1.63517417,0.40005905999999,0.402295176488094,0.318756631818183
"nuP23",22,"f","solo",2,"c",0.32296598275862,0.723493828915662,0.387045857831324,87,83,83,1.54698644888889,0.345718477777775,0.326341105486543,0.300234831999999
"nuP23",22,"f","co",1,"c",0.353680376595745,1.08680118947369,0.550762789473694,47,19,19,1.423804334,0.334487492000001,0.425268540000001,0.268823185714282
"nuP23",22,"f","co",2,"c",0.400474606557379,0.804441360714287,0.34716560357143,61,28,28,1.07571116935484,0.495401280769229,0.360247243478268,0.271902591666665
"nuP23",22,"f","comp",1,"c",0.313655243076923,0.851555366666667,0.507979942222222,65,45,45,1.64173443913044,0.388782900000001,0.297707647570849,0.258909624999999
"nuP24",20,"f","comp",2,"c",0.266051160000002,0.660800867857144,0.410956807142857,80,56,56,1.132820125,0.300965742857149,0.270343818040294,0.225600978947371
"nuP24",20,"f","solo",1,"c",0.249800977142858,0.899502581632653,0.57701667346939,70,49,49,1.23084646410256,0.255093372222226,0.279777102380951,0.200974795000001
"nuP24",20,"f","solo",2,"c",0.269799108641974,0.821046648437499,0.53248031875,81,64,64,1.41296738333333,0.270264864999997,0.304904399222222,0.184045288888888
"nuP24",20,"f","co",1,"c",0.256600752542374,0.865341871428571,0.541500080952379,59,21,21,1.08638592622951,0.252580350000002,0.26379296875,0.259002777777776
"nuP24",20,"f","co",2,"c",0.246501158064519,0.699502570370366,0.408790855555554,62,27,27,0.847539253125,0.236994029032261,0.276681389473691,0.223275874999995
"nuP25",21,"f","comp",1,"c",0.276556967213116,0.7352837525,0.41813855375,61,80,80,1.2880902752809,0.519371945454546,0.223170096666668,0.223089035000002
"nuP25",21,"f","solo",1,"c",0.387490211111111,1.16252995,0.670356892857147,54,28,28,1.7659650037037,0.491856166666668,0.387234989999999,0.351856508333333
"nuP25",21,"f","solo",2,"c",0.395457842105263,1.09630813571429,0.600620864285718,57,42,42,1.86909585254237,0.465022576923076,0.412023903750002,0.362604927777775
"nuP25",21,"f","co",1,"c",0.445690694285714,1.15515675294118,0.600924611764705,35,17,17,1.64031464210526,0.542522033333334,0.348377709090908,0.33360381666666
"nuP25",21,"f","co",2,"c",0.264605045161292,1.14597918571429,0.524065933333337,31,21,21,1.55834032571429,0.165155550000001,0.359975233333337,0.247944233333334
"nuP25",21,"f","comp",2,"c",0.210426013333335,0.828899372972973,0.43141614054054,60,74,74,1.49738913670886,0.243421276470586,0.199015815000004,0.194883200000001
"nuP27",19,"f","comp",2,"c",0.297222248648646,0.764740310937501,0.402897623437499,74,64,64,1.50329060897436,0.337271590909085,0.288404135294116,0.264763558823529
"nuP27",19,"f","solo",1,"c",0.32506942758621,1.08300012790697,0.535441353488367,58,43,43,2.11595813389831,0.409143300000009,0.338028844285715,0.273294935294122
"nuP27",19,"f","solo",2,"c",0.29976545,1.01060506792453,0.439105256603771,64,53,53,2.03271536615385,0.343817463636364,0.268674188392859,0.315695395652172
"sdP27",19,"f","co",1,"c",0.439198282926829,1.0542569875,0.520066049999998,41,16,16,1.22689457727273,0.423524547826087,0.505253750000001,0.367169999999993
"nuP27",19,"f","co",2,"c",0.327054536842103,0.989090573913045,0.424871330434786,38,23,23,1.62054669761905,0.297751437499997,0.356715642857139,0.333753800000002
"nuP27",19,"f","comp",1,"c",0.315699965217389,NA,0.390286901449279,69,NA,69,1.69969584935065,0.319445077777777,0.356917056776553,0.254000588235297
"nuP28",20,"f","co",1,"c",0.379824115384614,0.950160130769227,0.670773911538459,39,26,26,1.30178100434782,0.497154649999999,0.249335241666662,0.268289228571431
"nuP28",20,"f","solo",1,"c",0.421060069491527,0.98214628085106,0.577223778723405,59,47,47,1.85892584375,0.492582542857147,0.433472799215686,0.381907285000004
"nuP28",20,"f","solo",2,"c",0.276952913114753,0.867354547619047,0.562670326984125,61,63,63,1.50050246197183,0.270386976923072,0.33437561945701,0.182112644444451
"nuP28",20,"f","co",2,"c",0.350847922727276,0.919854129999998,0.620014626666667,44,30,30,1.63217585,0.333831152941176,0.284005173684216,0.545760087500002
"nuP28",20,"f","comp",1,"f",0.248419122413791,0.860443458333334,0.576857647916669,58,48,48,1.42999511492537,0.283092836363634,0.210037048601396,0.269003266666666
"nuP28",20,"f","comp",2,"c",0.233445490740742,NA,0.635688409259258,54,NA,54,1.4096241132353,0.229313593750003,0.280090989316239,0.165500568750001
"nuP29",20,"f","comp",2,"c",0.247667732786885,0.620570298591549,0.383933865714285,61,71,70,1.13199450117647,0.231749916666667,0.279459880625,0.173371461538459
"nuP29",20,"f","solo",1,"c",0.470749286764703,0.89883198125,0.559177964583331,68,48,48,1.61723812162162,0.522556733333336,0.45504943055555,0.481101009999999
"nuP29",20,"f","solo",2,"c",0.453863160317457,0.792675773214287,0.463175716071428,63,56,56,1.63901901714286,0.244294747058823,0.58918506995798,0.401957493333327
"nuP29",20,"f","co",1,"c",0.371193072413793,0.849393930434783,0.499045226086961,29,23,23,3.22277735454546,0.405667399999999,0.325779022222222,0.370572387500002
"nuP29",20,"f","co",2,"c",0.275637368085102,0.834604207142862,0.458891375000007,47,28,28,1.01695974363636,0.274303347826085,0.297199114999996,0.175499249999984
"nuP29",20,"f","comp",1,"c",0.272070997142854,0.728840604545454,0.418706428787877,70,66,66,1.2674098051282,0.303113039999998,0.257627015977442,0.273057970588229
"nuP30",21,"f","comp",2,"c",0.351317271153847,0.854341922857143,0.552741397142859,52,35,35,1.8959652,0.287078169230772,0.415373331538463,0.315467587499999
"nuP30",21,"f","solo",1,"c",0.502659698039217,0.844238699999999,0.440577483333333,51,48,48,2.1860240962963,0.640157133333337,0.510043195833334,0.387194150000001
"nuP30",21,"f","solo",2,"c",0.422876180000003,0.712138401754385,0.424770998245613,65,57,57,1.84566161363637,0.506921846153847,0.426177950396829,0.355099490000003
"nuP30",21,"f","co",1,"c",0.4126047627907,0.846832905555555,0.551333444444443,43,18,18,1.37297555348837,0.503789963157897,0.333999833333335,0.359666416666673
"nuP30",21,"f","co",2,"c",0.438498251020407,0.772934464705887,0.529411447058827,49,17,17,1.08220224705882,0.585139772727272,0.346068247368421,0.254755324999995
"nuP30",21,"f","comp",1,"c",0.312760647999996,0.717535574418605,0.427859648837207,50,43,43,1.77885105961538,0.250929328571422,0.366272548106058,0.280617461538458
"P31",22,"f","comp",2,"c",0.331667092156864,0.874571166666667,0.526351461403507,51,57,57,1.58520558333333,0.416067106666664,0.33314064356061,0.232231046153846
"nuP31",22,"f","solo",1,"c",0.359464132835819,0.848020998039215,0.537549933333331,67,51,51,1.67857044626866,0.36862628750001,0.371797103695647,0.312626518749999
"P31",22,"f","solo",2,"c",0.33404497,0.747499346268655,0.418025547761196,80,67,67,1.5063917597561,0.363429492857142,0.336224171153846,0.295076615000003
"P31",22,"f","co",1,"c",0.392633531707316,1.16126838666666,0.796001680000001,41,15,15,1.98655937317073,0.439429595238094,0.353281914285713,0.320667749999997
"P31",22,"f","co",2,"c",0.298596326190476,0.90886971304348,0.521870156521736,42,23,23,1.72326776444445,0.279790726315786,0.302000680000004,0.3368764625
"P31",22,"f","comp",1,"c",0.26384174126984,0.77165568448276,0.457793710344826,63,58,58,1.58745755857143,0.23738166190476,0.242133276666666,0.312168005555555
"P5",20,"m","comp",1,"e",0.30863270625,0.969356049152542,0.622915158139538,64,59,43,1.79267154520548,0.348929600000001,0.326762854024769,0.231983339999995
"P5",20,"m","solo",2,"e",0.349823540740741,0.915053953846155,0.576779338461537,27,26,26,1.95852776206897,0.366417680000002,0.341163359722222,0
"P5",20,"m","co",1,"e",0.433838551162793,0.981563037500002,0.654500450000002,43,16,16,1.22288720444445,0.441859433333338,0.453750506250003,0.352666916666664
"P5",20,"m","co",2,"e",0.267652014634147,1.1331947,0.739035984615387,41,13,13,2.34780583902439,0.275863149999997,0.220799927272734,0.30276704
"P6",23,"m","comp",2,"e",0.264320516883118,0.712449328378376,0.417154085185186,77,74,54,1.53360064457831,0.248217294736837,0.270418010000003,0.26776837777778
"P6",23,"m","solo",1,"e",0.28014329347826,0.820265025531914,0.57554034893617,46,47,47,1.589514914,0.230128966666661,0.306845933928573,0.255388509090909
"P6",23,"m","solo",2,"e",0.279862843055556,0.701708443076924,0.475270598461539,72,65,65,1.49772848133333,0.222332333333333,0.304947727543859,0.27931351304348
"P6",23,"m","co",1,"e",0.367894160869565,0.96840928,0.682097529999995,23,10,10,1.42138373043478,0.393317616666666,0.350016557142859,0.3229096
"P6",23,"m","co",2,"e",0.331262580851066,0.976655370833331,0.644502945833336,47,24,24,1.34459712553192,0.26922814,0.476264306666673,0.253401158333335
"P6",23,"m","comp",1,"e",0.284318585714286,0.77265675945946,0.467642296428574,77,74,56,1.52363197882353,0.226185070588237,0.348214471052628,0.218874318181823
"Py",18,"m","comp",2,"e",0.325866405084745,0.818536521052631,0.396001100000001,59,57,1,1.79111726461538,0.515670566666668,0.291018589583333,0.292301678947367
"P7",18,"m","solo",1,"e",0.440880847058822,0.905423133333334,0.549801321568627,68,51,51,1.910557,0.450967159999995,0.451430326604278,0.403301636842104
"P7",18,"m","solo",2,"e",0.345115516438356,0.751580316417912,0.460763914925372,73,67,67,1.66422913243243,0.380980935714284,0.338101044444444,0.330381233333336
"P7",18,"m","co",1,"e",0.44639665952381,0.920744052380951,0.529836742857142,42,21,21,1.73588366511628,0.562554918750001,0.36599187647059,0.391768788888888
"P7",18,"m","co",2,"e",0.391529225641024,0.996842064705881,0.507141176470592,39,17,17,1.57967446923077,0.367067338888885,0.395269033333332,0.515861700000014
"P7",18,"m","comp",1,"e",0.395469450793648,0.828669146666666,0.197000299999999,63,60,1,1.918887325,0.467838046153843,0.417095584374999,0.292246137499996
"sdP1",21,"f","comp",2,"e",0.341888128767123,0.672521537333335,0.338075649333333,73,75,75,1.47133171904762,0.41496634090909,0.304141081764706,0.320000357894738
"sdP1",21,"f","solo",1,"e",0.385850252173912,0.773867785483873,0.431916435483873,69,62,62,1.64318963857143,0.373253654545454,0.368504030555554,0.418503644
"sdP1",2,"f","co",1,"e",0.485312672093024,0.804671311999999,0.410549428000001,43,25,25,1.37484535434782,0.59431542857143,0.306426799999998,0.489363611111115
"sdP1",21,"f","co",2,"f",0.519294970454546,0.852899026923079,0.395844211538465,44,26,26,1.73778016,0.706595842105264,0.377695080000003,0.375823149999994
"sdP1",21,"f","solo",2,"e",0.320404845783132,0.736007286419751,0.420263845679012,83,81,81,1.54154667752809,0.211158846666664,0.318965561336032,0.394397626086958
"sdP1",21,"f","comp",1,"e",0.407971690140843,0.733508415789476,0.3617146,71,76,76,1.67254471666667,0.378273589473686,0.439119712865495,0.369281859999993
"sd10",24,"f","comp",2,"e",0.251472508571429,0.538644316216216,0.306516294285714,70,74,70,1.02074941868132,0.192905600000004,0.298463036904761,0.244530429411762
"sd10",24,"f","solo",1,"e",0.441525861333333,0.711249329032259,0.429463386440679,75,62,59,1.6954117297619,0.440940274999996,0.469861067592593,0.37613164090909
"sd10",24,"f","solo",2,"e",0.42808495625,0.738072738461538,0.427084225641026,80,78,78,1.60176872446809,0.244864146666669,0.475064373764706,0.494120408695652
"sd10",24,"f","co",1,"e",0.399420589473683,0.825266419999997,0.404771804,57,25,25,1.44162958965517,0.31977236,0.451146599999999,0.481689636363631
"sd10",24,"f","co",2,"e",0.363765896428571,0.767823419354843,0.396966161290327,56,31,31,1.18674973833333,0.318622188461537,0.458579900000001,0.272948377777779
"sd10",24,"f","comp",1,"1",0.310686237500001,NA,0.332613863953487,88,NA,86,1.28177246893204,0.2522393375,0.318447204333335,0.335213960869566
"sdP11",24,"f","comp",2,"e",0.337234601639345,0.568549627272729,0.286391360606064,61,66,66,1.31417560759494,0.383669342857139,0.342395486111113,0.311324105000001
"sdP11",24,"f","solo",1,"e",0.38851935,0.723101567346939,0.42283827142857,44,49,49,1.74471693448276,0.298167150000012,0.426882629201682,0.287775311111102
"sdP11",24,"f","solo",2,"e",0.315296714634148,0.711074173584905,0.381924375471697,41,53,53,1.53269676896552,0.48274863333333,0.318028376893939,0.225796541666673
"sdP11",24,"f","co",2,"e",0.513647699999997,0.741011872727276,0.376927081818182,17,22,22,1.61635625172414,0.974056979999993,0.334093329999999,0.260396350000001
"sdP11",24,"f","co",1,"e",0.468998721052632,0.697309440000001,0.373407230000001,19,20,20,2.517417275,0.953112650000001,0.253983600000001,0.217487933333331
"sdP11",24,"f","comp",1,"e",0.316669551851849,0.699505610000003,0.374316413333339,54,60,60,1.34580373287671,0.469595233333325,0.294831758006533,0.30933123846154
"sdP12",18,"m","comp",2,"e",0.251944051020409,0.824182848750001,0.465814171428571,49,80,70,1.27341584418605,0.265350369230769,0.288903292500001,0.184975021428573
"sd12",18,NA,"solo",1,"e",0.333256004301075,0.730272559999999,0.434438799999998,93,65,63,1.318166933,0.396901239999998,0.324467607832513,0.319408710526314
"sdP12",18,"m","solo",2,"e",0.271120369565219,0.68955223943662,0.360012738235294,69,71,68,1.42239126385542,0.146342784615392,0.298913866880342,0.306014116000001
"sdP12",18,"m","co",1,"e",0.462971342857139,0.944859406250002,0.521067414285719,42,16,14,1.38484422608695,0.536657083333328,0.458470199999996,0.217407742857148
"sd12",18,"m","co",2,"e",0.575068916326532,0.978880433333327,0.567745033333331,49,21,21,1.801590864,0.768564418518522,0.361810893749998,0.273027216666667
"sdP12",18,"m","comp",1,"e",0.219728980851063,5.0101119739726,0.444892314285713,47,73,63,5.30759138987342,0.228242327272724,0.213246955448718,0.224831154545455
"sdP13",20,"f","comp",1,"e",0.248627828846156,0.603578351470589,0.358917391176473,52,68,68,1.32309998051948,0.205524164285712,0.251869308461542,0.306489670000003
"sdP13",20,"f","solo",1,"e",0.333225420833331,0.702859610169489,0.377527001694914,72,59,59,1.50791629240506,0.370369190909085,0.330250335714284,0.318297636842102
"sdP13",NA,"f","solo",2,"e",0.275104769014083,0.669104331343282,0.395633767164178,71,67,67,1.42534451111111,0.285320912500001,0.264772879910712,0.281895531999998
"sdP13",20,"f","co",1,"e",0.3795931,0.722218568000005,0.439683572000005,53,25,25,1.22054237719298,0.473177772727275,0.343049431249998,0.281315493333333
"sdP13",20,"f","co",2,"e",0.351069279069766,0.651607433333335,0.398428928571428,43,21,21,2.45412338636363,0.550266599999996,0.22459561764706,0.213702366666666
"sdP13",20,"f","comp",1,"e",0.214264472058823,0.633383723943662,0.422327584507043,68,71,71,1.42728170963855,0.213717427777781,0.211181893749999,0.217707599999995
"sdP14",18,"f","comp",2,"e",0.282397690839695,0.781339672000002,0.448123795918369,131,50,49,0.765357320567377,0.360651331034484,0.277340576963535,0.205004855999999
"sdP14",18,"f","solo",1,"e",0.288295638805972,0.784900627058822,0.4858983,67,85,1,1.36313281170213,0.369338162500002,0.292327496439631,0.260377817391304
"sdP14",18,"f","solo",2,"e",0.252924152380952,0.735397315294117,0.414289875999999,63,85,75,1.27645093186813,0.395734029999994,0.219110912777777,0.236673925000003
"sdP14",18,"f","co",1,"e",0.319417925000002,0.881717117142853,0.378387538461534,44,35,26,1.64082505087719,0.364199649999999,0.297706764705886,0.196196280000009
"sdP14",18,"f","comp",1,"e",0.300299178666668,0.827987306349207,0.430938281666669,75,63,60,1.16469018817204,0.37650011034483,0.250836273095238,0.253179052941177
"sdP15",18,"m","comp",2,"e",0.313198880822528,0.733217781818316,0.40174414545469,73,88,88,1.59895802019296,0.378051807143382,0.322967054892028,0.244866240000195
"sdP15",18,"m","solo",1,"e",0.329974453409089,0.650473378048777,0.365765996153845,88,82,78,1.26158415247524,0.297324635714283,0.356634430416666,0.296387575999996
"sdP15",18,"m","solo",2,"e",0.276687328048781,0.668871836144577,0.376434436144577,82,83,83,1.29076066105263,0.203318400000003,0.298083230663617,0.294280717391301
"sdP15",18,"m","co",1,"e",0.254956348000005,0.746702278125003,0.399480303125002,50,32,32,1.32523721607143,0.259758500000004,0.262214060000007,0.227623077777781
"sdP15",18,NA,"co",2,"e",0.252819880434782,0.706003946666666,0.351475303571427,46,30,28,1.4446559,0.267845641666665,0.252822839999999,0.222765891666667
"sdP15",18,"m","comp",1,"e",0.282860878205129,0.684096199999999,0.365657864,78,75,75,1.3978788125,0.288515481250001,0.279503024942791,0.272146090000003
"sdP2",26,"f","comp",2,"e",0.193152733870968,0.734077369565219,0.356263427536235,62,69,69,1.71157986329114,0.204006674999996,0.200571019444445,0.165739600000003
"sdP2",26,"f","solo",1,"e",0.296766976190476,0.836210677777778,0.501601877777778,21,18,18,1.87401665454545,0.14555855,0.449404306666667,0.277014055555556
"sdP2",26,"f","co",1,"e",0.371497679591835,0.883256194444443,0.500633644444441,49,18,18,1.75559838113208,0.44739266,0.226196436363631,0.2866807125
"sdP2",26,"f","co",2,"e",0.332592288,0.788496377419355,0.450632354838713,50,31,31,1.32860467288136,0.401748833333336,0.241036150000001,0.262723827272721
"sdP2",26,"f","comp",1,"e",0.21461901142857,0.701748485074627,0.347243337313434,70,67,67,1.61703059879518,0.247982174999998,0.199769369374998,0.20814836111111
"sdP2",26,"f","solo",2,"e",0.200855784615386,0.791651447540984,0.422829741666668,65,61,60,1.37661079605263,0.127085200000003,0.208440085757579,0.238082462499999
"sdP3",22,"m","comp",2,"c",0.311319509615386,1.092126422,0.598882011999998,52,50,50,2.12573606428572,0.337901781818189,0.313933427272726,0.292526417647059
"sdP3",22,"m","solo",1,"c",0.393142221153846,1.20482486415094,0.62304147735849,52,53,53,2.60186913148148,0.311658527272725,0.422402639444445,0.376515012499999
"sdP3",22,"m","solo",2,"c",0.325101803225807,1.12776277538461,0.641226596923078,62,65,65,2.00065757101449,0.323897600000005,0.319415683760683,0.331031347058825
"sdP3",22,"m","co",1,"c",0.399340589999993,1.24055763571428,0.799380035714287,30,14,14,2.53164961249999,0.526062864705874,0.202151012499993,0.283988179999997
"sdP3",22,"m","co",2,"c",0.333271846153847,1.209890125,0.729677279999999,39,20,20,1.81948595384615,0.287689512500002,0.396581699999999,0.275446816666673
"sdP3",22,"m","comp",1,"c",0.352319919642857,1.07864293396226,0.60396914716981,56,53,53,2.04330602459016,0.380210157142853,0.372746075952379,0.273121384615392
"sdP4",21,"m","comp",2,"e",0.306446900000002,0.9582376,0.473456042857143,50,42,42,1.60035617192983,0.667155850000001,0.235256047023813,0.184372021428572
"sdP4",21,"m","solo",1,"e",0.367848881666668,1.107527336,0.573344212000001,60,50,50,2.11045118307692,0.338061099999997,0.363753845735294,0.395505373333339
"sdP4",21,"m","solo",2,"e",0.257303712698414,1.05229219565218,0.621655436956518,63,46,46,1.87793757272727,0.254935208333335,0.265764262662338,0.244806600000013
"sdP4",21,"m","co",1,"e",0.376813230232556,1.150054325,0.720263706249997,43,16,16,1.08452111875,0.458301395454543,0.248297645454545,0.338906409999997
"sdP4",21,"m","co",2,"e",0.464381511627907,1.054336425,0.565158314999999,43,20,20,1.66291449782609,0.502521026086958,0.469156654545456,0.361077577777773
"sdP4",21,"m","comp",1,"e",0.298948548148146,1.02569728222222,0.631008473333331,54,45,45,2.0018424147541,0.249827781818181,0.341584035511362,0.260243062499996
"sdP4",21,"m","comp",2,"e",0.485573558620689,1.01741209583334,0.611388595833334,29,24,24,1.73513970857143,0.66261094,0.406957445000002,0.367618874999994
"sdP5",19,"m","comp",2,"e",0.23432782739726,0.631033629729728,1.0292429,73,74,2,1.31992105238095,0.19947113125,0.241809359375002,0.261266189473681
"sdP5",19,"m","solo",1,"e",0.336396189108913,0.667299942222222,0.494447224444443,101,90,90,1.38559482293578,0.258471131818182,0.380722161050161,0.312346957142856
"sdP5",19,"m","solo",2,"e",0.28862531904762,0.613579172631578,0.427250486315789,105,95,95,1.30610714814815,0.202021118181818,0.363166009202899,0.221805543333336
"sdP5",19,"m","co",1,"e",0.281607929090908,0.663286919444445,0.450407697222224,55,36,36,1.19499163114754,0.294122734999999,0.29102673043478,0.242697216666667
"sdP5",19,"m","co",2,"e",0.359481245454544,0.631856671428569,0.2679236,55,28,1,1.47024445,0.300773349999997,0.347133688888889,0.518450454545454
"sdP5",19,"m","comp",1,"e",0.258064914285713,0.655731988607596,0.439201624050634,91,79,79,1.20171603921569,0.301648538888888,0.239287228571426,0.255470633333335
"sdP7",19,"m","co",2,"e",0.319033260869565,0.723858755555551,0.360323792592589,46,27,27,2.1117015,0.313363905263161,0.342733939999995,0.298383891666669
"sdP7",19,"m","solo",1,"e",0.392891693846155,0.680022222058823,0.422592811764707,65,68,68,1.58422285492958,0.425215659999999,0.396865718452382,0.373340788888891
"sdP7",19,"m","solo",2,"e",0.289761412162162,NA,0.434557774324326,74,NA,74,1.454593925,0.240654519047623,0.312069937575756,0.305889474999997
"sdP7",19,"m","co",1,"e",0.346740868750004,0.750486026923077,0.417092515384614,48,26,26,1.41912195660378,0.39852487083334,0.337765700000003,0.190992557142858
"sdP7",19,"m","comp",1,"e",0.285750829870129,0.75270930410959,0.415136312328767,77,73,73,1.39118293488372,0.330805852631575,0.288357591515156,0.237756180952374
"sdP7",19,"2","comp",2,"e",0.30711452,0.71656622763158,0.369668744736845,75,76,76,1.4402133127907,0.387270950000001,0.283988253928571,0.229603982352938
"sdP8",25,"m","comp",2,"c",0.272787937662337,0.599006329268292,0.411148223684208,77,82,76,1.32821595052632,0.270304619999998,0.293619031818183,0.228245435294116
"sdP8",25,"m","solo",1,"c",0.364927787500001,0.646410034285716,0.455535142857143,80,70,70,1.41048592727273,0.303674262500003,0.368809045192309,0.379689854545453
"sdP8",25,"m","solo",2,"c",0.341648532000001,0.764548952380956,0.471207627419357,75,63,62,1.57294927073171,0.355645846153847,0.340165057142858,0.315567915
"sdP8",25,"m","co",1,"c",0.278885542553192,0.758073791999999,0.522559664,47,25,25,1.48395210196078,0.314726873333335,0.246543765217393,0.301801199999997
"sdP8",25,"m","co",2,"c",0.358771333333333,0.651907833333335,0.409616225000004,45,24,24,1.5884718625,0.405355931818184,0.310602784210523,0.331356650000003
"sdP8",25,"m","comp",1,"c",0.227812647692308,0.6176360375,0.385018896153847,65,80,78,1.36914438111111,0.231911156250002,0.226697938124999,0.231553276923075
"sdP9",19,"f","comp",2,"e",0.320604101694916,0.671638873333335,0.373742917333336,59,75,75,1.32535736976744,0.544784278571434,0.26464240230769,0.231075411764706
"sdP9",19,"f","solo",1,"e",0.2956480109375,1.14703984444444,0.484316551111111,64,45,45,1.78668930857143,0.30759077,0.306474583333334,0.241106599999993
"sdP9",19,"f","solo",2,"e",0.290590804761905,0.827047773333334,0.456312690000001,63,60,60,1.54086228428571,0.304767669999993,0.300303456666669,0.249669044444446
"sdP9",19,"f","co",1,"e",0.285813868085106,0.750088654166665,0.435312625,47,24,24,1.40857971836734,0.360181686956519,0.242465843750002,0.158702437500002
"sdP9",19,"f","co",2,"e",0.399699331818178,0.803780528000001,0.515554899999998,44,25,25,1.25324532127659,0.513658547368418,0.362918774999996,0.22450642222222
"sdP9",19,"f","comp",1,"e",0.261174736363638,0.768874097142856,0.483772663768115,55,70,69,1.29505251265823,0.184483350000002,0.302589709375002,0.233219211111112
