"Participant","Condition","Trial","Group","grabPACcount","placePACcount","avgGrabPAC","avgPlacePAC","grabAreaPACcount","placeAreaPACcount","avgGrabAreaPAC","avgPlaceAreaPAC","avgGoldCubeGrab","totalGoldCubeGrabCount","avgBlueCubeGrab","totalBlueCubeGrabCount","avgRedCubeGrab","totalRedCubeGrabCount","avgWhiteCubeGrab","totalWhiteCubeGrabCount","grab2PlaceTime","grab2PlaceCount"
"P3","comp",2,"e",0,0,NA,NA,86,73,824.913648837209,692.860950684931,781.280315789474,19,880.571926086956,23,723.226860869565,23,914.803604761905,21,1316.77621822034,59
"P3","solo",1,"e",0,0,NA,NA,68,61,854.901919117647,518.90441147541,903.169675,4,818.452828571429,21,879.041232,25,853.172866666667,18,1423.01653645833,60
"P3","solo",2,"e",0,0,NA,NA,70,61,820.657331428572,472.682106557377,665.286166666667,12,891.97326,15,905.512118181818,22,769.605414285714,21,1467.52864583333,63
"P3","co",1,"e",0,0,NA,NA,23,18,889.081686956522,858.537694444444,1001.7415125,8,NA,0,870.70037,10,745.5886,5,2364.072265625,12
"P3","co",2,"e",0,0,NA,NA,51,41,918.550247058824,679.320009756097,948.858627777778,18,NA,0,936.071415,20,849.629153846154,13,1614.44324448529,34
"P3","comp",1,"e",0,0,NA,NA,75,64,992.38344,668.4111234375,894.784338888889,18,1059.0515625,24,977.26914117647,17,1018.2391875,16,1408.76968149038,52
"P9","comp",2,"e",54,48,253.178896296296,954.01756875,88,61,618.021748863637,379.683037704918,657.3561,26,397.74335,38,410.487251428571,35,499.651502325581,43,828.472486413043,46
"P9","solo",1,"e",77,37,299.022428571429,878.419178378378,74,62,821.604877027027,275.982727419355,508.917510526316,19,573.062442857143,42,604.592720930233,43,512.509480851064,47,932.475818452381,63
"P9","solo",2,"e",81,65,284.752241975309,916.262221538462,82,77,642.617593902439,229.330907792208,350.469863888889,36,573.289966666667,39,501.871021428571,42,428.386252173913,46,833.429790296053,76
"P9","co",1,"e",21,14,906.192314285714,930.275578571429,29,24,756.765517241379,520.264779166667,1047.7790173913,23,NA,0,502.250890909091,11,709.5350875,16,1185.55408653846,13
"P9","comp",1,"e",65,54,298.370707692308,936.188431481481,103,69,699.443180582524,445.545407246377,812.989292592593,27,529.909566666667,42,525.75018627451,51,425.3452375,48,853.172926682692,52
"nuP10","comp",2,"c",58,80,247.831936206897,1118.85134125,86,104,601.499039534884,385.205772115385,584.641556,25,387.6346875,40,407.4304025,40,504.731466666667,39,809.442661830357,56
"nuP10","solo",1,"c",84,54,336.767930952381,833.084570370371,84,81,730.474165476191,373.976712345679,635.548026315789,19,564.20288,45,468.905869491525,59,544.852171111111,45,1618.56086033951,81
"nuP10","solo",2,"c",86,49,299.240909302326,943.21973877551,86,81,688.891743023256,274.823,607.495790322581,31,398.156729545454,44,587.341761702128,47,420.461594,50,826.37763671875,80
"nuP10","co",1,"c",24,13,276.864233333333,495.977138461538,40,24,882.86452,467.965375,967.206225,16,NA,0,557.316880645161,31,541.599970588235,17,1327.810546875,20
"nuP10","co",2,"c",56,21,765.838775,701.874457142857,64,35,912.686925,497.902234285714,1163.90989423077,52,NA,0,616.085706666667,45,567.467969565217,23,1088.77375,25
"nuP10","comp",1,"c",64,79,256.4268734375,1090.21156329114,98,105,574.776940816326,395.708325714286,658.110907142857,28,425.251391489362,47,465.359674418605,43,325.342575,44,840.181380208333,60
"nuP11","comp",2,"e",22,30,254.230022727273,888.938976666666,70,57,748.123294285714,456.985370175439,738.673393023256,43,492.352846153846,13,623.112123529412,17,484.48642631579,19,1196.07778532609,23
"nuP11","solo",1,"e",77,40,399.550271428571,1249.300745,84,81,772.428221428572,247.469902469136,800.01775,16,501.889036170213,47,668.896277777778,54,525.906222727273,44,868.806616512346,81
"nuP11","solo",2,"e",44,46,288.251806818182,914.955452173913,65,66,752.60106,294.805042424242,609.379644,25,524.930482352941,34,578.758946666667,30,557.862625,20,829.587575604839,62
"nuP11","co",1,"e",33,6,934.629578787879,488.250916666667,48,24,1099.87118958333,683.389729166666,1340.12737954545,44,NA,0,657.813454166667,24,683.343507692308,13,1151.75694444444,18
"nuP11","co",2,"e",35,14,956.115925714286,879.155771428572,46,34,838.59742826087,557.366038235294,1107.5916,39,NA,0,695.479491891892,37,622.1451,5,1024.874609375,20
"nuP11","comp",1,"e",28,39,250.211975,876.015894871794,77,70,705.281931168831,349.794735714286,788.082577777778,27,411.008815384615,26,562.963792857143,28,566.049958333333,24,972.370065789474,38
"p012","comp",2,"e",65,57,384.193135384615,1230.10906842105,101,94,431.688186138614,386.869292553191,481.485751851852,27,368.59407173913,46,449.367297777778,45,383.251866666667,48,931.631460336538,52
"nuP12","solo",1,"e",84,34,359.348933333333,842.024414705882,85,81,867.128917647059,339.700711111111,665.308883333333,24,598.852878846154,52,558.339578571429,42,653.593003921569,51,909.297357253086,81
"p012","solo",2,"e",94,47,367.718082978723,1024.94541914894,97,91,742.024578350516,302.761758241758,614.864271052632,38,526.843461538462,52,553.130495652174,46,551.585069090909,55,841.487007472826,92
"p012","co",1,"e",42,14,785.34794047619,472.6744,50,28,833.83403,685.908164285714,1215.44862647059,34,NA,0,582.683841463415,41,556.530835294118,17,1216.59730113636,22
"p012","co",2,"e",51,22,672.634394117647,631.746172727273,53,43,785.609115094339,603.33776744186,1031.821071875,32,NA,0,618.9958,41,565.95274516129,31,1092.20942540323,31
"p012","comp",1,"e",74,65,317.902383783784,933.651092307692,111,116,411.752636936937,375.50965862069,393.576864,25,390.56568,55,429.344616,50,298.937350909091,55,1008.09979166667,75
"nuP13","comp",2,"e",52,62,274.454288461538,830.315638709678,86,84,666.9008,547.935826190476,669.779682608696,23,503.430935,40,487.508963157895,38,474.529218918919,37,1026.40728183962,53
"nuP13","solo",1,"e",63,37,352.421292063492,499.341021621622,58,62,896.199727586207,406.949464516129,623.076584615385,13,587.947102439024,41,672.034190625,32,584.891562857143,35,1041.02467757937,63
"nuP13","solo",2,"e",63,47,375.073153968254,523.9619,59,63,763.49083559322,455.514514285714,546.260746153846,26,564.627528,25,550.019651282051,39,590.8229375,32,992.131380208333,60
"nuP13","co",1,"e",30,15,525.021103333333,311.706606666667,41,25,737.069148780488,882.659064,850.76,25,NA,0,540.279772,25,533.070185714286,21,1438.55504261364,22
"nuP13","co",2,"e",39,20,478.017053846154,336.669855,47,34,979.570178723404,859.703447058823,955.949817857143,28,NA,0,672.432023529412,34,627.215825,24,1372.97991071429,28
"nuP13","comp",1,"e",46,62,280.994276086957,641.083312903226,82,80,704.432143902439,475.6426675,624.956136363636,22,544.025115384615,39,480.532246666667,30,575.870016216216,37,961.784375,45
"nuP14","comp",2,"e",47,56,343.996595744681,663.693292857143,69,93,685.65425942029,395.528568817204,627.925266666667,12,485.237453658537,41,679.898390909091,33,453.716606666667,30,717.488731971154,52
"nuP14","solo",1,"e",88,45,346.344323863636,824.695928888889,92,79,718.697060869565,317.515267088608,590.66476,25,605.657009433962,53,489.03063,50,486.162655769231,52,840.664824695122,82
"nuP14","solo",2,"e",88,48,301.737385227273,741.76220625,93,76,684.971176344086,261.171207894737,375.962986206897,29,545.337961111111,36,491.039231818182,66,546.230536,50,754.512952302632,76
"nuP14","co",1,"e",54,23,894.270009259259,905.369069565217,63,40,877.058609523809,502.7912575,1111.61443392857,56,NA,0,684.375212195122,41,661.774045,20,975.001674107143,28
"nuP14","co",2,"e",51,25,719.085501960784,466.965576,59,35,953.116811864407,549.856337142857,1267.84576,45,NA,0,533.133973170732,41,583.154183333333,24,955.881655092593,27
"nuP14","comp",1,"e",53,68,232.026150943396,974.534776470588,85,110,660.458517647059,373.805087272727,603.981677272727,22,499.546120930233,43,439.312417142857,35,481.377507894737,38,790.257300204918,61
"nuP15","comp",2,"c",59,55,286.332813559322,885.225732727273,91,98,619.80993956044,447.260425510204,677.85404,25,416.476584090909,44,538.070675609756,41,399.1030525,40,887.162806919643,56
"nuP15","solo",1,"c",89,49,332.894265168539,1019.13134285714,91,77,715.888906593406,364.811933766234,483.8948,21,524.881978181818,55,537.399105357143,56,534.3506375,48,998.721793831169,77
"nuP15","solo",2,"c",73,49,292.112934246575,802.92371632653,82,77,705.720236585366,318.206461038961,417.46361875,32,542.237851351351,37,548.7449,46,513.2350475,40,844.174444901316,76
"nuP15","co",1,"c",42,28,730.890311904762,524.137285714286,52,39,919.302676923077,612.145984615385,1072.69631666667,36,NA,0,705.240821621622,37,656.674023809524,21,1609.73130580357,28
"nuP15","co",2,"c",52,17,691.381686538461,543.632635294118,56,44,808.385923214286,601.542197727273,1094.26803684211,38,NA,0,526.707606818182,44,633.236126923077,26,1289.82841435185,27
"nuP15","comp",1,"c",61,56,271.410326229508,808.025494642857,92,95,555.304581521739,422.646047368421,467.1522,21,422.872716,50,377.721666666667,39,510.676148837209,43,861.682930424528,53
"nuP17","comp",2,"c",45,69,267.219157777778,779.050624637681,65,81,601.624544615385,516.260824691358,442.96282,15,431.357040625,32,519.739965625,32,453.255193548387,31,1107.15451388889,45
"nuP17","solo",1,"c",58,40,426.04155,415.0314675,53,52,945.293486792453,297.391898076923,490.28036,10,788.567992857143,28,664.219981632653,49,636.728258333333,24,1112.06140625,50
"nuP17","solo",2,"c",58,41,356.798612068965,530.263819512195,64,51,656.06009375,344.218219607843,485.96049,20,550.081448275862,29,644.396029032258,31,405.578971428571,42,1462.65683962264,53
"nuP17","co",2,"c",36,24,675.930313888889,890.159204166667,46,26,751.218763043478,759.1274,1009.4869375,32,NA,0,535.268942424242,33,524.829252941176,17,1672.85546875,20
"nuP17","comp",1,"c",37,51,332.807791891892,751.005347058824,57,63,622.225712280701,505.21806984127,557.878005882353,17,563.459323333333,30,458.7125,19,452.768235714286,28,1515.73794642857,35
"nuP18","comp",2,"c",42,36,384.450354761905,794.109319444445,59,71,610.296194915254,450.43846056338,567.875788235294,17,588.664806666667,30,446.93268,30,476.357391666667,24,974.71493902439,41
"nuP18","solo",1,"c",62,37,406.399816129032,917.14792972973,58,52,805.693134482758,418.367030769231,590.330057142857,14,531.897106666667,45,627.0661125,40,697.350252380952,21,1289.98012609649,57
"nuP18","solo",2,"c",72,42,421.330829166667,932.991571428571,71,70,879.6219,402.844107142857,517.831246428571,28,716.061825925926,27,729.186934782609,46,605.0817,42,857.247735507246,69
"nuP18","co",1,"c",37,16,974.830386486486,623.2513,45,28,784.126084444445,682.776,1081.74544090909,44,NA,0,679.427780769231,26,507.706366666667,12,1032.38856907895,19
"nuP18","co",2,"c",42,19,610.045085714286,610.658747368421,51,37,920.079994117647,510.230645945946,1026.10759210526,38,NA,0,653.912666666667,39,503.205675,16,1087.91826923077,26
"sdP18","comp",1,"c",52,45,372.508309615385,910.814502222222,73,81,613.450238356164,418.543438271605,832.390205555556,18,519.139673076923,26,454.336594117647,34,430.302129787234,47,927.139811197917,48
"nuP19","solo",1,"c",54,29,281.945709259259,930.012934482759,66,66,943.028898484849,396.34688030303,518.257072222222,18,559.27251,30,752.239726470588,34,678.474271052631,38,892.529967350746,67
"nuP18","solo",2,"c",54,44,322.422051851852,929.883431818182,75,73,734.55214,358.74388630137,556.59532962963,27,567.706927586207,29,577.932817142857,35,546.920471052632,38,966.195870535714,70
"nuP19","co",1,"c",28,14,827.471567857143,663.892942857143,45,28,877.866471111111,517.1634,1102.4161925,40,NA,0,524.513745833333,24,665.3575,9,828.887746710526,19
"nuP19","co",2,"c",48,16,709.535339583333,559.764075,60,34,823.563168333333,636.303673529412,1013.22879574468,47,NA,0,621.796191891892,37,535.1364125,24,1166.63811383929,28
"nuP19","comp",1,"c",45,63,284.215993333333,808.601801587302,77,88,575.338720779221,504.25815,710.895216666667,24,421.482988235294,34,447.689251515151,33,352.424164516129,31,961.936702806122,49
"nuP20","comp",2,"c",50,56,368.860606,996.711807142857,93,92,562.119879569893,450.789922826087,657.009935714286,28,439.712897368421,38,483.553925,40,439.801454054054,37,849.560396634615,52
"nuP20","solo",1,"c",86,64,304.413998837209,1072.819325,87,83,703.649074712643,259.110202409639,446.816202777778,36,530.104752542373,59,508.137206666667,45,520.282890909091,33,747.338051470588,85
"nuP10","solo",2,"c",70,65,227.235748571429,1026.91217230769,87,79,668.497126436781,205.487878481013,455.904142857143,28,444.0978,35,482.846003773585,53,491.857931707317,41,672.861019736842,76
"nuP20","co",1,"c",56,24,833.009164285714,623.867816666667,67,37,826.494574626866,520.557894594594,1171.78192037037,54,NA,0,497.049013636364,44,675.090776,25,927.710129310345,29
"nuP20","co",2,"c",58,12,877.189586206897,385.954775,68,36,869.355651470588,499.162069444445,1176.55595535714,56,NA,0,751.975395238095,42,447.252864285714,28,929.095424107143,28
"nuP20","comp",1,"c",50,75,256.337242,1028.06696266667,84,104,660.545192857143,369.941939423077,750.03608,20,488.363175555556,45,449.568184848485,33,458.051213888889,36,779.709943181818,55
"P3","solo",1,NA,0,0,NA,NA,68,61,854.901919117647,518.90441147541,903.169675,4,818.452828571429,21,879.041232,25,853.172866666667,18,1423.01653645833,60
"P4","comp",2,"e",0,0,NA,NA,78,69,732.687543589743,544.299176811594,725.892270588235,17,663.640815,20,922.448505,20,623.222542857143,21,1032.95973557692,52
"P4","solo",1,"e",0,0,NA,NA,63,66,929.418011111111,489.94431969697,700.17403,10,988.143923529412,17,1072.37632352941,17,869.618431578947,19,1075.48327636719,64
"P4","solo",2,"e",0,0,NA,NA,58,60,887.043072413793,403.221041666667,688.1656625,16,777.770566666667,12,999.4032125,16,1079.5821,14,990.602356991525,59
"P4","co",1,"e",0,0,NA,NA,32,24,1039.686440625,532.439875,982.694217647059,17,NA,0,1186.76261818182,11,877.4439,4,1318.37890625,20
"P4","co",2,"e",14,0,1336.504,NA,39,28,837.329715384615,518.013460714286,1073.81868787879,33,NA,0,899.634435714286,14,556.002683333333,6,1642.18203125,20
"P4","comp",1,"e",0,0,NA,NA,112,52,778.32965625,503.944075,800.96795,24,869.883732352941,34,684.652955172414,29,740.748324,25,1003.14124177632,38
"P5","comp",1,"e",53,49,312.800143396226,707.219965306122,70,63,870.668861428571,503.863866666667,798.189589473684,19,650.939269230769,39,678.895217142857,35,440.38872,30,1105.07212936047,43
"P5","solo",2,"e",27,21,349.823540740741,674.633,27,28,949.155288888889,274.402021428571,678.534165,20,639.824447058824,17,624.984088235294,17,NA,0,797.038483796296,27
"P5","co",1,"e",25,15,451.000472,869.089533333333,31,26,802.160783870968,655.589846153846,712.7338,15,NA,0,591.535192857143,28,683.692592307692,13,1750.90501644737,19
"P5","co",2,"e",33,18,603.011712121212,835.8419,38,23,871.896486842105,737.77667826087,912.256335483871,31,NA,0,599.067822727273,22,642.889694444444,18,2175.12952302632,19
"P6","comp",2,"e",59,36,304.215869491525,976.543588888889,85,73,733.752827058824,630.839524657534,782.061944,25,523.476587804878,41,527.803158536585,41,477.397524324324,37,892.564592633929,56
"P6","solo",1,"e",47,22,342.263380851064,552.633345454545,50,48,747.75661,326.565939583333,497.171905,20,547.62945,28,585.861262962963,27,562.676936363637,22,1018.17366536458,48
"P6","solo",2,"e",71,33,309.888222535211,627.508366666667,71,70,832.633395774648,299.910291428571,419.530475862069,29,628.647416129032,31,618.439594736842,38,590.088104545454,44,849.886310634328,67
"P6","co",1,"e",17,6,759.235017647059,519.8483,23,13,875.104721739131,632.572407692308,1076.19382105263,19,NA,0,610.762969230769,13,580.8503375,8,1480.76128472222,9
"P6","co",2,"e",39,21,738.481823076923,522.662595238095,47,33,1055.5956212766,348.070893939394,1144.22688787879,33,NA,0,842.35361,30,668.856073913043,23,1288.43923611111,27
"P6","comp",1,"e",60,38,312.598546666667,868.520952631579,86,68,809.725453488372,470.90389117647,935.36775,22,637.6207575,40,492.7762275,40,513.598452272728,44,928.657151442308,52
"Py","comp",2,"e",50,40,282.16287,1020.0950625,65,60,637.120630769231,652.685991666667,852.36755,16,435.764315625,32,432.93917,30,404.06677027027,37,1074.42436835106,47
"P7","solo",1,"e",68,47,440.880847058824,547.481187234043,60,59,1063.29535,628.925750847458,697.04802,20,743.765885714286,42,735.555475757576,33,737.12606969697,33,1428.02667025862,58
"P7","solo",2,"e",73,54,352.910120547945,563.417311111111,66,72,945.637322727273,475.037743055556,614.103692857143,28,558.845416666667,36,676.32067027027,37,679.928918421053,38,1080.73546006944,72
"P7","co",1,"e",39,13,660.499002564103,729.280484615384,44,31,782.377875,587.470635483871,894.045180645161,31,NA,0,682.214620588235,34,515.188327777778,18,1336.44225543478,23
"P7","co",2,"e",35,19,785.242722857143,570.672857894737,42,26,715.234878571429,677.496661538462,858.202074285714,35,NA,0,680.494825,36,498.078983333333,6,1440.09696691176,17
"P7","comp",1,"e",51,40,371.721343137255,761.5021275,70,64,801.605101428571,567.4455109375,962.118510526316,19,566.7222,34,591.942866666667,36,506.606121875,32,1081.20686848958,48
"sdP1","comp",2,"e",51,55,350.630666666667,904.372230909091,77,86,745.594103896104,359.958484883721,827.940529166667,24,563.130333333333,33,505.376063636364,33,530.569110526316,38,954.40943877551,49
"sdP1","solo",1,"e",69,43,387.187247826087,530.567011627907,68,62,878.286676470588,427.105980645161,635.216886956522,23,581.825733333333,30,649.735072222222,36,645.50398125,48,987.251890120968,62
"sdP1","co",1,"e",22,22,446.462286363636,383.124881818182,40,31,943.9748725,589.884541935484,829.839052941176,17,NA,0,685.874784615385,26,823.218784210526,19,1339.19602272727,22
"sdP1","co",2,"f",25,17,379.084088,596.673076470588,42,27,873.105873809524,439.27,1047.114,19,NA,0,580.647172413793,29,495.453415789474,19,1074.1328125,24
"sdP1","solo",2,"e",83,53,357.138231325301,693.914843396226,87,81,768.528010344828,345.901072839506,618.950746875,32,591.72957368421,38,513.002733333333,54,576.306843478261,46,847.516878858025,81
"sdP1","comp",1,"e",55,60,428.989167272727,672.16778,78,94,750.921482051282,434.423826595745,698.679755,20,653.4985925,40,594.42847368421,38,556.1274,35,907.506676136364,55
"sd10","comp",2,"e",56,73,375.240744642857,942.985350684932,87,96,688.317179310345,341.778888541667,831.256676,25,521.786648648649,37,556.134706666667,45,438.430322222222,36,926.96875,56
"sd10","solo",1,"e",77,51,506.515205194805,888.862819607843,73,66,744.032057534247,500.91061969697,757.6738,16,591.009013513513,37,653.477949019608,51,565.185245652174,46,1143.49384469697,66
"sd10","solo",2,"e",84,68,456.776935714286,867.564510294118,86,80,829.820913953488,420.67198375,568.406272727273,33,744.993355555556,36,593.730386792453,53,681.020477083333,48,1063.2626953125,80
"sd10","co",1,"e",33,28,477.5452,475.495196428571,56,33,824.155242857143,480.9259,719.071812,25,NA,0,716.174139534884,43,625.685804761905,21,1270.38401442308,26
"sd10","co",2,"e",32,32,419.34985,699.8666875,63,36,827.226647619048,503.053833333333,659.976086206897,29,NA,0,731.205882608696,46,637.984845,20,1407.0140625,30
"sd10","comp",1,"1",75,92,334.194746666667,856.284060869565,97,104,669.212916494846,456.482417307692,671.754292,25,517.757752083333,48,487.585859183673,49,488.806448,50,988.190459280303,66
"sdP11","comp",2,"e",56,29,386.179685714286,876.149737931035,74,99,806.610790540541,454.67735050505,744.510682352941,17,686.752068421053,38,593.8629,35,544.41998,40,1087.62890625,54
"sdP11","solo",1,"e",48,5,474.515108333333,233.3742,52,50,798.599805769231,321.283446,612.523,12,570.44657,30,775.824488235294,34,560.925391666667,24,1138.9278125,50
"sdP11","solo",2,"e",45,8,345.204811111111,400.7034625,62,62,734.970611290322,281.770659677419,767.574052941176,17,580.548961538462,26,533.444715625,32,496.5353625,32,978.205015120968,62
"sdP11","co",2,"e",15,6,412.269253333333,1168.51073333333,42,32,847.362042857143,379.821115625,900.695322222222,18,NA,0,572.221244827586,29,896.63127,10,1180.368125,25
"sdP11","co",1,"e",16,2,267.77805,163.7018,39,29,723.425484615385,430.771620689655,773.3647875,16,NA,0,457.179623333333,30,712.090822222222,9,1099.16875,20
"sdP11","comp",1,"e",51,26,356.915049019608,954.889534615385,74,94,750.913972972973,409.37785106383,684.317405882353,17,556.22924,40,634.404454054054,37,529.508748387097,31,1038.86418269231,52
"sdP12","comp",2,"e",38,52,271.162257894737,1093.336575,53,70,623.8226,436.271862857143,578.730266666667,12,486.002734615385,26,423.197879166667,24,469.971731034483,29,820.333096590909,33
"sd12","solo",1,"e",94,42,374.813922340425,907.548957142857,93,70,785.957047311828,314.25068,598.697995454546,22,587.228460606061,66,581.844443548387,62,549.289845945946,37,967.279551630435,69
"sdP12","solo",2,"e",69,30,271.308268115942,653.550253333333,73,56,691.022616438356,274.158660714286,385.100211111111,27,510.609292592593,27,557.695807894737,38,475.766484,50,1410.28440241228,57
"sdP12","co",1,"e",19,11,424.784084210526,428.494409090909,42,17,757.55290952381,534.326705882353,789.35612,25,NA,0,679.785881818182,22,371.351957142857,14,1534.08229166667,15
"sd12","co",2,"e",24,11,335.4196875,544.748027272727,48,20,893.854270833333,453.074015,999.0652,24,NA,0,549.030157142857,35,597.035169230769,13,1279.07666015625,16
"sdP12","comp",1,"e",38,52,261.971905263158,1301.34469038462,50,56,491.510704,451.418423214286,523.412672727273,11,344.944037037037,27,356.200530769231,26,424.926058333333,24,785.129375,25
"sdP13","comp",1,"e",49,38,276.618620408163,1007.74716052632,85,82,568.137108235294,274.389032926829,539.85780952381,21,376.129392857143,42,497.4007275,40,477.919,31,1026.41183035714,49
"sdP13","solo",1,"e",74,37,444.930302702703,1091.44157567568,80,70,689.25920875,280.417515714286,678.11532173913,23,607.646914285714,42,525.50175106383,47,529.742238095238,42,1002.82484148551,69
"sdP13","solo",2,"e",77,32,305.353435064935,998.14694375,81,74,563.853911111111,259.591144594595,473.026283870968,31,454.481215151515,33,409.843260465116,43,429.40051372549,51,993.251926369863,73
"sdP13","co",1,"e",33,26,342.241433333333,715.669530769231,63,38,776.691628571429,409.346047368421,798.496908,25,NA,0,608.585505128205,39,516.508828125,32,1436.36970766129,31
"sdP13","co",2,"e",27,17,279.750077777778,510.722158823529,54,35,701.104446296296,377.892382857143,768.148885,20,NA,0,472.037116216216,37,524.355883333333,24,1148.00390625,26
"sdP13","comp",1,"e",54,48,276.723733333333,793.703845833334,89,83,550.898935955056,295.905575903615,491.742805,20,478.246560416667,48,423.153690243902,41,406.855723529412,34,1055.439375,50
"sdP14","comp",2,"e",113,49,367.081318584071,846.194102040816,141,58,898.41004893617,462.144768965517,767.155176470588,51,627.787502409638,83,664.879676923077,65,612.864549090909,55,949.256944444444,36
"sdP14","solo",1,"e",68,43,315.614563235294,1167.58289534884,73,71,691.022435616438,359.575942253521,548.22325,16,576.660184615385,39,428.351923076923,39,509.348593617021,47,886.699933978873,71
"sdP14","solo",2,"e",63,50,299.024544444444,821.658102,67,64,814.918473134328,293.572121875,608.449504545455,22,602.899657575757,33,507.116894117647,34,558.891019512195,41,826.17626953125,64
"sdP14","co",1,"e",22,18,281.894709090909,573.252172222222,45,26,743.976351111111,579.207103846154,607.200386956522,23,NA,0,577.440672727273,33,605.406209090909,11,1264.70126488095,21
"sdP14","comp",1,"e",46,60,283.825086956522,1024.96385333333,69,71,735.023034782609,435.007715492958,551.2496625,32,582.241564285714,28,547.0452,27,537.841785714286,28,986.8203125,36
"sdP15","comp",2,"e",67,48,389.200947761194,1053.47627916667,99,82,728.713147474748,419.579947560976,899.419266666666,27,510.6297,37,583.634401818182,55,488.118168085106,47,1197.75274884259,54
"sdP15","solo",1,"e",91,24,345.386225274725,996.3659125,93,76,730.371603225806,264.660886842105,569.371482142857,28,550.783404081633,49,540.299796296296,54,514.108081132075,53,707.229132401316,76
"sdP15","solo",2,"e",83,35,382.221662650602,1076.05805428571,91,77,702.697093406593,253.553120779221,497.28684,35,573.114815789474,38,561.746171698113,53,556.53925,48,796.786931818182,77
"sdP15","co",1,"e",32,16,325.130428125,563.7031375,61,44,706.164242622951,330.511395454545,566.194022222222,27,NA,0,619.799856521739,46,484.108025,20,991.143901209677,31
"sdP15","co",2,"e",24,18,243.580104166667,725.303794444445,50,34,717.861916,394.992079411765,724.933088461538,26,NA,0,486.085072727273,22,469.111015384615,26,778.090553977273,22
"sdP15","comp",1,"e",64,47,307.779215625,1043.64093829787,94,89,726.001193617021,345.562559550562,776.093582608695,23,596.902802,50,487.835136585366,41,460.123838636364,44,776.579241071429,56
"sdP2","comp",2,"e",50,41,220.611406,1032.55750243902,90,91,479.269566666667,386.750385714286,472.077852173913,23,331.850121951219,41,422.7789875,40,355.278505555556,36,1072.59857954545,55
"sdP2","solo",1,"e",21,8,371.928957142857,843.6018,21,17,816.922376190476,353.692841176471,346.7976375,8,489.62176,10,1180.82865,6,567.2393,18,1200.056640625,16
"sdP2","co",1,"e",20,7,248.17318,465.191871428571,49,23,693.059614285714,392.452104347826,690.428673076923,26,NA,0,510.770752,25,455.720577777778,18,2243.64453125,16
"sdP2","co",2,"e",25,13,263.638968,656.6684,59,37,692.068533898305,414.788651351351,627.050458333333,24,NA,0,551.032452777778,36,522.359933333333,24,1270.39628232759,29
"sdP2","comp",1,"e",58,56,239.451986206897,967.216603571429,86,105,589.758932558139,479.695293333334,539.884465,20,416.397967391304,46,455.278965789474,38,433.8721725,40,1134.86369977679,56
"sdP2","solo",2,"e",68,35,230.842811764706,944.2499,78,59,558.409141025641,286.222169491526,349.291878125,32,383.687127586207,29,423.903190909091,33,441.541386538462,52,953.045528017241,58
"sdP3","comp",2,"c",42,40,305.734366666667,629.324015,54,64,788.355316666667,552.4534421875,611.789,14,585.60198,25,552.96506,25,574.462765625,32,1304.15793918919,37
"sdP3","solo",1,"c",52,29,402.286973076923,561.242144827586,49,54,999.117024489796,626.878383333333,548.085581818182,22,721.846805555556,36,795.070351612903,31,598.675675,12,1299.35377358491,53
"sdP3","solo",2,"c",62,50,356.117575806452,683.8931,65,68,907.894512307692,529.067482352941,584.421139285714,28,595.699057142857,28,714.155386842105,38,633.6716,33,1096.72810132576,66
"sdP3","co",1,"c",14,16,227.046185714286,860.03964375,32,24,785.742228125,761.753908333333,746.21021875,16,NA,0,588.384666666667,18,482.675866666667,12,1738.77604166667,15
"sdP3","co",2,"c",23,23,370.083591304348,778.194895652174,37,26,891.685324324324,894.907011538461,859.853625,16,NA,0,680.92975,32,496.4058,12,1557.20063920455,22
"sdP3","comp",1,"c",42,54,346.732211904762,929.56507037037,56,75,844.293185714286,648.441833333333,750.555046153846,13,578.595471428571,28,719.959426666667,30,529.129618518519,27,1407.11566310976,41
"sdP4","comp",2,"e",44,44,220.3581,724.128625,55,78,1023.70453090909,491.625935897436,983.44002,15,570.411443333333,30,670.122892592593,27,594.157181481481,27,1125.31857638889,45
"sdP4","solo",1,"e",61,30,367.164963934426,661.801383333333,62,55,969.946162903226,392.846136363636,708.131933333333,18,618.976035897436,39,618.302230555556,36,779.61348,30,2143.35667613636,55
"sdP4","solo",2,"e",63,55,297.361761904762,623.104889090909,71,65,731.048628169014,376.752906153846,489.257854,50,498.348472916667,48,665.221536666666,30,382.99635,6,1187.22312973485,66
"sdP4","co",1,"e",23,23,292.667186956522,653.642386956522,47,27,808.079489361702,514.988192592593,851.842471428571,21,NA,0,595.454285185185,27,488.414713636364,22,1749.42791193182,22
"sdP4","co",2,"e",21,20,562.660542857143,608.854785,44,28,882.252004545455,377.947075,905.061495,20,NA,0,758.5296,24,682.334252380952,21,1638.69870923913,23
"sdP4","comp",1,"e",45,52,342.649706666667,618.811303846154,58,73,798.710065517241,427.181078082192,645.91368125,16,604.056840909091,22,610.6156,32,563.056121212121,33,1232.43369932432,37
"sdP4","comp",2,"e",23,25,432.386226086957,560.957152,32,39,878.909359375,453.437415384615,886.627233333333,9,673.2079,13,534.159776923077,13,719.72789,20,1302.99516369048,21
"sdP5","comp",2,"e",59,47,273.381933898305,1195.65683617021,91,96,587.618392307692,417.42858125,621.155384,25,391.714082222222,45,451.982635135135,37,458.684465116279,43,961.928835227273,55
"sdP5","solo",1,"e",104,43,362.020048076923,877.200272093023,104,95,712.1976125,445.70159368421,467.374140909091,44,524.539233333333,48,629.595386666667,60,503.581573214286,56,955.018082865169,89
"sdP5","solo",2,"e",107,62,335.023289719626,806.334604838709,106,101,700.584873584906,390.390858415842,440.856011627907,43,569.901945652174,46,585.690164516129,62,461.683877419355,62,858.43239480198,101
"sdP5","co",1,"e",37,28,304.757797297297,719.969003571429,65,43,633.037478461539,517.330027906977,567.589380769231,26,NA,0,497.71631372549,51,491.304748,25,1183.18348214286,35
"sdP5","co",2,"e",31,22,361.472093548387,781.687259090909,63,44,659.507134920635,451.750086363636,578.710696666667,30,NA,0,616.258868421053,38,460.593326923077,26,1139.89525462963,27
"sdP5","comp",1,"e",73,52,258.775373972603,1065.46181730769,101,114,620.896699009901,412.540985964912,650.483843478261,23,443.241507017544,57,422.059275,44,456.09333,50,1013.23890398551,69
"sdP7","co",2,"e",28,22,358.474364285714,665.988945454545,53,35,740.511873584906,467.908848571429,647.170377272727,22,NA,0,652.329139393939,33,519.992369230769,26,977.7271875,25
"sdP7","solo",1,"e",67,28,416.062923880597,875.932432142857,67,68,830.094234328358,343.841777941176,644.569838095238,21,571.923872093023,43,671.278055882353,34,626.121738888889,36,833.267908653846,65
"sdP7","solo",2,"e",74,31,307.397640540541,743.635783870968,86,74,774.129175581396,328.548537837838,450.022746666667,45,568.601134782609,46,630.578283783784,37,612.01444375,32,1044.3200984589,73
"sdP7","co",1,"e",26,15,326.269107692308,791.048133333333,59,38,792.411077966102,455.375673684211,670.705110714286,28,NA,0,661.892197560976,41,582.37045,16,1147.486875,25
"sdP7","comp",1,"e",61,62,270.263659016393,1104.50978709677,82,100,658.387082926829,346.682107,678.777163636364,22,446.048821739131,46,531.438936363636,33,416.309421428571,42,800.944216008772,57
"sdP7","comp",2,"e",54,51,272.078407407407,883.598209803921,81,93,820.573101234568,342.439298924731,650.395416666667,24,547.085232558139,43,665.011237142857,35,568.154754545454,33,876.74796875,50
"sdP8","comp",2,"c",58,78,309.523786206896,1194.6642051282,81,98,611.201314814815,448.607897959184,629.956018181818,22,450.80634,45,509.964647368421,38,409.873876470588,34,1056.40755208333,54
"sdP8","solo",1,"c",80,49,375.8950025,842.272006122449,75,74,780.595667999999,381.424474324324,475.428244444445,18,601.569489583333,48,573.470332608696,46,576.82781627907,43,1006.06693412162,74
"sdP8","solo",2,"c",76,40,410.503386842105,840.43124,75,61,783.911102666667,421.031108196721,618.011392307692,26,599.029677777778,27,615.373635593221,59,549.806361538461,39,1163.76946721311,61
"sdP8","co",1,"c",33,26,271.023942424242,676.850403846154,53,34,678.538111320755,539.232226470588,683.22391875,16,NA,0,459.562807692308,52,559.858961111111,18,1811.38136574074,27
"sdP8","co",2,"c",24,28,317.107475,639.252596428571,54,36,657.959355555556,517.697477777778,701.631930769231,26,NA,0,470.6367625,40,506.040325,12,1633.2840625,25
"sdP8","comp",1,"c",55,77,334.741790909091,960.554274025974,83,98,551.178086746988,337.11487244898,578.586515,20,579.598182051282,39,364.650266666667,45,399.213479411765,34,994.741887019231,52
"sdP9","comp",2,"e",47,59,289.476327659575,1047.65275762712,93,112,639.852095698925,347.303183035714,717.089732,25,446.10142,35,577.945129411765,34,433.058802173913,46,844.492598684211,57
"sdP9","solo",1,"e",66,42,321.04263030303,937.456776190476,66,58,670.286651515152,395.991210344828,469.871895,20,494.713253703704,54,516.285116216216,37,486.344271428571,21,1007.09105603448,58
"sdP9","solo",2,"e",63,45,335.786766666667,777.491842222222,71,63,740.492836619718,368.535203174603,506.969766666667,24,456.901206666667,30,651.338923255814,43,536.423605405406,37,1013.07663690476,63
"sdP9","co",1,"e",25,20,219.890692,601.483165,54,33,732.868714814815,422.320739393939,676.084980769231,26,NA,0,561.483575757576,33,448.25052,20,1175.1457201087,23
"sdP9","co",2,"e",27,14,318.636859259259,512.219092857143,49,36,745.690232653061,377.134091666667,753.917347619048,21,NA,0,578.750154285714,35,452.674845,20,904.296875,24
"sdP9","comp",1,"e",46,70,345.64655,1021.54769142857,76,95,713.145618421053,392.667404210526,584.080528571429,21,492.764690625,32,603.155208108108,37,617.1220125,32,924.16173537234,47
