"","TimeEpoch","Participant","Condition","Group","mean_percent"
"1",0,"","co","",0.0652453872625616
"2",0,"P31","co","c",-0.0956535533595428
"3",0,"P31","comp","c",-0.0286448359445079
"4",0,"P31","solo","c",-0.125701246836242
"5",0,"P33","co","e",0.969575485884227
"6",0,"P33","comp","e",-0.175963982440568
"7",0,"P34","solo","c",-0.575161170577594
"8",0,"P35","co","c",-0.337803326465838
"9",0,"P35","comp","c",-0.249319800288041
"10",0,"P35","solo","c",-0.09154772113839
"11",0,"P36","co","c",-0.119897790608569
"12",0,"P36","solo","c",-0.183716024244125
"13",0,"P5","co","e",-0.45601213467465
"14",0,"P5","comp","e",-0.583090015118945
"15",0,"P5","solo","e",-0.297260530541038
"16",0,"P6","co","e",-0.209425872549407
"17",0,"P6","comp","e",-0.132480917715737
"18",0,"P6","solo","e",0.578926673911503
"19",0,"P7","co","e",0.295700047162228
"20",0,"P7","comp","e",0.169516584430305
"21",0,"P7","solo","e",-0.218174660919855
"22",0,"P9","co","e",-0.389232258827833
"23",0,"P9","comp","e",0.0369871045964965
"24",0,"P9","solo","e",0.834434717739209
"25",0,"Py","comp","e",-0.145017563356653
"26",0,"nuP10","co","c",0.191574254753565
"27",0,"nuP10","comp","c",-0.0254940136381762
"28",0,"nuP10","solo","c",0.956929403926629
"29",0,"nuP11","co","e",-0.0668688017929448
"30",0,"nuP11","comp","e",-0.145965335776848
"31",0,"nuP11","solo","e",-0.465453079784999
"32",0,"nuP12","solo","e",-0.0581776638617265
"33",0,"nuP13","co","e",-0.131074519031589
"34",0,"nuP13","comp","e",-0.0642373139825409
"35",0,"nuP13","solo","e",0.23328321041177
"36",0,"nuP14","co","e",-0.163532888875542
"37",0,"nuP14","comp","e",0.0826016185200774
"38",0,"nuP14","solo","e",0.428561132758596
"39",0,"nuP15","co","c",-0.21032279442113
"40",0,"nuP15","comp","c",-0.228696198883797
"41",0,"nuP15","solo","c",-0.380410728069856
"42",0,"nuP17","co","c",-0.177737976888595
"43",0,"nuP17","comp","c",0.80542788703249
"44",0,"nuP17","solo","c",-0.195520195598683
"45",0,"nuP18","co","c",-0.439024128324504
"46",0,"nuP18","comp","c",-0.0651585042972037
"47",0,"nuP18","solo","c",-0.625924356012072
"48",0,"nuP19","co","c",-0.118752387671687
"49",0,"nuP19","comp","c",-0.338549653736223
"50",0,"nuP19","solo","c",-0.566851131021008
"51",0,"nuP20","co","c",-0.202771267299867
"52",0,"nuP20","comp","c",-0.00895706996969496
"53",0,"nuP20","solo","c",-1.10124400658899
"54",0,"nuP21","co","c",-0.297940868330182
"55",0,"nuP21","comp","c",-0.126743547360972
"56",0,"nuP21","solo","c",0.901962554738005
"57",0,"nuP22","co","c",-0.342381860097054
"58",0,"nuP22","comp","c",-0.365592528676841
"59",0,"nuP22","solo","c",-0.0943192347903033
"60",0,"nuP23","co","c",0.0587305424572868
"61",0,"nuP23","comp","c",-0.0402995424309783
"62",0,"nuP23","solo","c",-0.0588309377739197
"63",0,"nuP24","co","c",-0.127833167196565
"64",0,"nuP24","comp","c",-0.108225857476357
"65",0,"nuP24","solo","c",0.230976478095805
"66",0,"nuP25","co","c",0.000713623058424828
"67",0,"nuP25","comp","c",-0.253672497743032
"68",0,"nuP25","solo","c",-0.804244326587026
"69",0,"nuP28","co","c",-0.272627167835711
"70",0,"nuP28","comp","c",0.424598236544772
"71",0,"nuP28","comp","e",-0.126491257241304
"72",0,"nuP28","solo","c",0.0524732271213351
"73",0,"nuP29","co","c",-0.293793168233782
"74",0,"nuP29","comp","c",-0.142948983141878
"75",0,"nuP29","solo","c",-0.0936124582073452
"76",0,"nuP30","co","c",0.154769295213354
"77",0,"nuP30","comp","c",-0.0439011625753033
"78",0,"nuP30","solo","c",-0.126535531980974
"79",0,"nuP31","solo","c",-0.0778399871519126
"80",0,"nuP32","co","c",-0.0769304129484812
"81",0,"nuP32","comp","c",-0.236905644598719
"82",0,"nuP32","solo","c",-0.0199282679349916
"83",0,"nuP33","solo","c",0.0176867270147635
"84",0,"nuP34","co","c",-0.146152411534802
"85",0,"nuP34","comp","c",-0.139977095051885
"86",0,"nuP34","solo","c",0.755180122883603
"87",0,"nuP36","co","c",-0.124431450636633
"88",0,"nuP36","comp","c",-0.209002717543414
"89",0,"nuP36","solo","c",-0.0632420470065403
"90",0,"nuP37","co","c",-0.22637882749666
"91",0,"nuP37","comp","c",-0.170793673309154
"92",0,"nuP37","solo","c",-0.355140661398651
"93",0,"nuP38","co","c",-0.300649921081167
"94",0,"nuP38","comp","c",-0.470597528122051
"95",0,"nuP38","solo","c",0.548045138454111
"96",0,"p012","co","e",0.312573496161203
"97",0,"p012","comp","e",0.0611232793456082
"98",0,"p012","solo","e",-0.568078522532155
"99",0,"sd10","co","e",0.0944754064157213
"100",0,"sd10","comp","e",0.278552456791712
"101",0,"sd10","solo","e",0.0478228068683238
"102",0,"sd12","co","e",-0.0573744243629522
"103",0,"sd12","solo","e",0.180554675522898
"104",0,"sdP1","co","e",0.287192397482875
"105",0,"sdP1","comp","e",0.166553163236427
"106",0,"sdP1","solo","e",0.0741882894085947
"107",0,"sdP11","co","e",0.78876649344763
"108",0,"sdP11","comp","e",-0.145825520293842
"109",0,"sdP11","solo","e",-0.0193466634438503
"110",0,"sdP12","co","e",-0.0570768526158056
"111",0,"sdP12","comp","e",0.0707779980047046
"112",0,"sdP12","solo","e",0.277248463425532
"113",0,"sdP13","co","c",0.0968170280849758
"114",0,"sdP13","comp","c",0.186826446590194
"115",0,"sdP13","solo","c",-0.0848017394715389
"116",0,"sdP14","co","e",0.0920138993912075
"117",0,"sdP14","comp","e",-0.113403292671318
"118",0,"sdP14","solo","e",-0.520012031441387
"119",0,"sdP15","co","e",-0.353964777287258
"120",0,"sdP15","comp","e",0.224183927585106
"121",0,"sdP15","solo","e",0.036703003617765
"122",0,"sdP18","comp","c",-0.176577115385637
"123",0,"sdP2","co","c",-0.239941024022986
"124",0,"sdP2","comp","c",-0.285213737298917
"125",0,"sdP2","solo","c",-0.00592111393532112
"126",0,"sdP3","co","c",-0.193738767054862
"127",0,"sdP3","comp","c",-0.143549314633805
"128",0,"sdP3","solo","c",-0.0276044572702438
"129",0,"sdP4","co","e",-0.0654393512913442
"130",0,"sdP4","comp","e",0.00967841184355597
"131",0,"sdP4","solo","e",-0.103598010293225
"132",0,"sdP5","co","e",-0.210405884513727
"133",0,"sdP5","comp","e",-0.223665606986826
"134",0,"sdP5","solo","e",0.255572143827624
"135",0,"sdP8","co","c",0.0120244476992346
"136",0,"sdP8","comp","c",0.00553106397001713
"137",0,"sdP8","solo","c",0.262199078638999
"138",0,"sdP9","co","e",0.538304511550892
"139",0,"sdP9","comp","e",0.0589412231883062
"140",0,"sdP9","solo","e",-0.437039688232408
"141",0.1,"","co","",1.19405974416963
"142",0.1,"P31","co","c",-0.144632494530797
"143",0.1,"P31","comp","c",-0.237098464989757
"144",0.1,"P31","solo","c",-0.0440384309481046
"145",0.1,"P33","co","e",0.530783473106736
"146",0.1,"P33","comp","e",-0.836259873102665
"147",0.1,"P34","solo","c",-0.698781091437608
"148",0.1,"P35","co","c",-0.499676639061222
"149",0.1,"P35","comp","c",-0.106052482297715
"150",0.1,"P35","solo","c",0.144334596386422
"151",0.1,"P36","co","c",-0.355287602690895
"152",0.1,"P36","solo","c",0.179684397890341
"153",0.1,"P5","co","e",-1.33579258138397
"154",0.1,"P5","comp","e",-1.37920936474933
"155",0.1,"P5","solo","e",-1.23129437009654
"156",0.1,"P6","co","e",-0.606450069187999
"157",0.1,"P6","comp","e",-0.433423904277729
"158",0.1,"P6","solo","e",0.373099613432603
"159",0.1,"P7","co","e",0.215818570334951
"160",0.1,"P7","comp","e",0.842912085372893
"161",0.1,"P7","solo","e",0.523486443814448
"162",0.1,"P9","co","e",-0.154451837052578
"163",0.1,"P9","comp","e",0.176185574965917
"164",0.1,"P9","solo","e",0.470352265675175
"165",0.1,"Py","comp","e",0.340040589387282
"166",0.1,"nuP10","co","c",0.146692656813727
"167",0.1,"nuP10","comp","c",0.309893177340444
"168",0.1,"nuP10","solo","c",0.697543168442014
"169",0.1,"nuP11","co","e",0.462518160468431
"170",0.1,"nuP11","comp","e",-0.132068679968793
"171",0.1,"nuP11","solo","e",0.211923246747437
"172",0.1,"nuP12","solo","e",0.477544070547908
"173",0.1,"nuP13","co","e",-0.228101554290009
"174",0.1,"nuP13","comp","e",-0.207099477173432
"175",0.1,"nuP13","solo","e",0.357968415194045
"176",0.1,"nuP14","co","e",-0.916880202847968
"177",0.1,"nuP14","comp","e",0.0768599191546782
"178",0.1,"nuP14","solo","e",0.190086815301757
"179",0.1,"nuP15","co","c",-1.0374162449181
"180",0.1,"nuP15","comp","c",-0.842074601938768
"181",0.1,"nuP15","solo","c",-0.169570276806235
"182",0.1,"nuP17","co","c",-0.472380996901546
"183",0.1,"nuP17","comp","c",-0.304648044090769
"184",0.1,"nuP17","solo","c",0.542722481483164
"185",0.1,"nuP18","co","c",-0.744679529949929
"186",0.1,"nuP18","comp","c",0.14673295748366
"187",0.1,"nuP18","solo","c",0.163304251035182
"188",0.1,"nuP19","co","c",-0.0446969887156904
"189",0.1,"nuP19","comp","c",-0.408149578789256
"190",0.1,"nuP19","solo","c",0.71102909454296
"191",0.1,"nuP20","co","c",-1.12009363551324
"192",0.1,"nuP20","comp","c",-0.66406662144172
"193",0.1,"nuP20","solo","c",-0.205327945223356
"194",0.1,"nuP21","co","c",-0.907669198875727
"195",0.1,"nuP21","comp","c",-0.968686792416103
"196",0.1,"nuP21","solo","c",-0.121974851874943
"197",0.1,"nuP22","co","c",-0.922428059280474
"198",0.1,"nuP22","comp","c",-1.476889399067
"199",0.1,"nuP22","solo","c",-0.157358686521448
"200",0.1,"nuP23","co","c",0.00111202476144725
"201",0.1,"nuP23","comp","c",0.536507195106212
"202",0.1,"nuP23","solo","c",0.261617870194049
"203",0.1,"nuP24","co","c",-0.803713180951242
"204",0.1,"nuP24","comp","c",-0.434991313340765
"205",0.1,"nuP24","solo","c",-0.81208312530533
"206",0.1,"nuP25","co","c",0.092216622446698
"207",0.1,"nuP25","comp","c",-0.63929892473378
"208",0.1,"nuP25","solo","c",0.484516266476092
"209",0.1,"nuP28","co","c",0.0125944093305739
"210",0.1,"nuP28","comp","c",0.656972143666056
"211",0.1,"nuP28","comp","e",-0.254540205201152
"212",0.1,"nuP28","solo","c",0.316325001021173
"213",0.1,"nuP29","co","c",-0.659695277369707
"214",0.1,"nuP29","comp","c",-0.512549358341034
"215",0.1,"nuP29","solo","c",-0.325837856307757
"216",0.1,"nuP30","co","c",0.627024703084825
"217",0.1,"nuP30","comp","c",0.214239093343992
"218",0.1,"nuP30","solo","c",0.244692603046406
"219",0.1,"nuP31","solo","c",0.0346544068278105
"220",0.1,"nuP32","co","c",-0.255110825746235
"221",0.1,"nuP32","comp","c",0.00387121247389185
"222",0.1,"nuP32","solo","c",0.268704929592254
"223",0.1,"nuP33","solo","c",-0.0686170503102982
"224",0.1,"nuP34","co","c",-0.121452612231029
"225",0.1,"nuP34","comp","c",-0.058147717378082
"226",0.1,"nuP34","solo","c",-0.724762696077749
"227",0.1,"nuP36","co","c",-0.140212247580248
"228",0.1,"nuP36","comp","c",-0.375980232361897
"229",0.1,"nuP36","solo","c",-0.499720333996709
"230",0.1,"nuP37","co","c",-0.870872928679813
"231",0.1,"nuP37","comp","c",-0.522267826417888
"232",0.1,"nuP37","solo","c",-0.67424306933998
"233",0.1,"nuP38","co","c",-0.830107068268082
"234",0.1,"nuP38","comp","c",-2.12613776223507
"235",0.1,"nuP38","solo","c",-0.709844509893161
"236",0.1,"p012","co","e",0.979227949373187
"237",0.1,"p012","comp","e",0.461877465271949
"238",0.1,"p012","solo","e",0.397547965186358
"239",0.1,"sd10","co","e",-0.259491926452494
"240",0.1,"sd10","comp","e",-0.0560272512173829
"241",0.1,"sd10","solo","e",0.134528391719756
"242",0.1,"sd12","co","e",0.0428855946853114
"243",0.1,"sd12","solo","e",0.00288378867591683
"244",0.1,"sdP1","co","e",1.29586618933332
"245",0.1,"sdP1","comp","e",1.30557838494796
"246",0.1,"sdP1","solo","e",1.03575982599528
"247",0.1,"sdP11","co","e",-0.025987557240995
"248",0.1,"sdP11","comp","e",-0.0954601214973568
"249",0.1,"sdP11","solo","e",-0.181752625254794
"250",0.1,"sdP12","co","e",-0.0240032769897322
"251",0.1,"sdP12","comp","e",0.488103780498368
"252",0.1,"sdP12","solo","e",-0.784018642890865
"253",0.1,"sdP13","co","c",0.508733000413158
"254",0.1,"sdP13","comp","c",-0.218844351778558
"255",0.1,"sdP13","solo","c",0.0266821877095829
"256",0.1,"sdP14","co","e",0.171839596290295
"257",0.1,"sdP14","comp","e",-0.114065388949139
"258",0.1,"sdP14","solo","e",-0.127260034883656
"259",0.1,"sdP15","co","e",-0.746369645270756
"260",0.1,"sdP15","comp","e",-0.642950830128464
"261",0.1,"sdP15","solo","e",-0.290220059424914
"262",0.1,"sdP18","comp","c",-0.157913869433046
"263",0.1,"sdP2","co","c",-0.860753665006459
"264",0.1,"sdP2","comp","c",-1.24525228749262
"265",0.1,"sdP2","solo","c",-0.700142661580377
"266",0.1,"sdP3","co","c",-0.835152306123239
"267",0.1,"sdP3","comp","c",-0.667624046281572
"268",0.1,"sdP3","solo","c",0.222131536957973
"269",0.1,"sdP4","co","e",-0.347828905046108
"270",0.1,"sdP4","comp","e",-0.0455009181437245
"271",0.1,"sdP4","solo","e",-0.401354679357118
"272",0.1,"sdP5","co","e",-1.01346106892077
"273",0.1,"sdP5","comp","e",-1.01276974551964
"274",0.1,"sdP5","solo","e",-0.278550104408168
"275",0.1,"sdP8","co","c",-0.00538456394506261
"276",0.1,"sdP8","comp","c",0.189586034323811
"277",0.1,"sdP8","solo","c",0.0498552107021372
"278",0.1,"sdP9","co","e",-0.83020779520209
"279",0.1,"sdP9","comp","e",0.238353209576304
"280",0.1,"sdP9","solo","e",-0.123338718071794
"281",0.2,"","co","",2.08934617300964
"282",0.2,"P31","co","c",0.0719555468431599
"283",0.2,"P31","comp","c",0.267116436303176
"284",0.2,"P31","solo","c",1.14292680302189
"285",0.2,"P33","co","e",0.916669051372241
"286",0.2,"P33","comp","e",-0.0859101003875195
"287",0.2,"P34","solo","c",0.0701144613242307
"288",0.2,"P35","co","c",-0.898475363586733
"289",0.2,"P35","comp","c",-0.126700553808225
"290",0.2,"P35","solo","c",-0.33871408592693
"291",0.2,"P36","co","c",-0.631611411268921
"292",0.2,"P36","solo","c",0.0907622374625536
"293",0.2,"P5","co","e",-1.50484029757966
"294",0.2,"P5","comp","e",-1.95618707663247
"295",0.2,"P5","solo","e",-2.0649007905072
"296",0.2,"P6","co","e",-1.23904760489496
"297",0.2,"P6","comp","e",-0.802811823068384
"298",0.2,"P6","solo","e",-0.313074844662375
"299",0.2,"P7","co","e",0.421473644876638
"300",0.2,"P7","comp","e",1.5903073723393
"301",0.2,"P7","solo","e",1.39350346759543
"302",0.2,"P9","co","e",0.104826004351435
"303",0.2,"P9","comp","e",-0.0830326143348382
"304",0.2,"P9","solo","e",0.558217243076086
"305",0.2,"Py","comp","e",1.62932024123877
"306",0.2,"nuP10","co","c",0.518220235801198
"307",0.2,"nuP10","comp","c",0.342736732928544
"308",0.2,"nuP10","solo","c",1.04911998087201
"309",0.2,"nuP11","co","e",0.930963060158865
"310",0.2,"nuP11","comp","e",0.442421450554317
"311",0.2,"nuP11","solo","e",0.837004960954426
"312",0.2,"nuP12","solo","e",1.61111830959671
"313",0.2,"nuP13","co","e",0.358258399196171
"314",0.2,"nuP13","comp","e",0.105420806902126
"315",0.2,"nuP13","solo","e",1.19740690853326
"316",0.2,"nuP14","co","e",-1.23111880593501
"317",0.2,"nuP14","comp","e",-0.487230392388712
"318",0.2,"nuP14","solo","e",0.029659076118027
"319",0.2,"nuP15","co","c",-1.80030051649185
"320",0.2,"nuP15","comp","c",-0.586963209847662
"321",0.2,"nuP15","solo","c",0.493168385214918
"322",0.2,"nuP17","co","c",-0.808293970030591
"323",0.2,"nuP17","comp","c",-0.146209896016507
"324",0.2,"nuP17","solo","c",1.33609050096294
"325",0.2,"nuP18","co","c",-0.644705913498115
"326",0.2,"nuP18","comp","c",0.676021899933309
"327",0.2,"nuP18","solo","c",0.278068200633933
"328",0.2,"nuP19","co","c",0.285147827784657
"329",0.2,"nuP19","comp","c",-0.394140754637193
"330",0.2,"nuP19","solo","c",1.19568962506206
"331",0.2,"nuP20","co","c",-1.67193310492179
"332",0.2,"nuP20","comp","c",-1.18690174101273
"333",0.2,"nuP20","solo","c",-0.735892629635791
"334",0.2,"nuP21","co","c",-0.743527854224335
"335",0.2,"nuP21","comp","c",-0.116567063278695
"336",0.2,"nuP21","solo","c",1.32059698924129
"337",0.2,"nuP22","co","c",-3.05423287383937
"338",0.2,"nuP22","comp","c",-4.19897937938937
"339",0.2,"nuP22","solo","c",-2.46104008506382
"340",0.2,"nuP23","co","c",1.37333844956437
"341",0.2,"nuP23","comp","c",1.78792340488177
"342",0.2,"nuP23","solo","c",1.33423105321092
"343",0.2,"nuP24","co","c",-1.35276310969677
"344",0.2,"nuP24","comp","c",0.159537376725093
"345",0.2,"nuP24","solo","c",-0.974528456001038
"346",0.2,"nuP25","co","c",0.390555716228756
"347",0.2,"nuP25","comp","c",-0.756043544168935
"348",0.2,"nuP25","solo","c",1.09028744421058
"349",0.2,"nuP28","co","c",0.87586171596747
"350",0.2,"nuP28","comp","c",1.36554601705177
"351",0.2,"nuP28","comp","e",0.234141491910581
"352",0.2,"nuP28","solo","c",0.888824400928328
"353",0.2,"nuP29","co","c",-1.46693800483002
"354",0.2,"nuP29","comp","c",-0.977362928197871
"355",0.2,"nuP29","solo","c",-0.113462744514304
"356",0.2,"nuP30","co","c",1.1800360914135
"357",0.2,"nuP30","comp","c",0.590359768141707
"358",0.2,"nuP30","solo","c",0.281793782371421
"359",0.2,"nuP31","solo","c",1.31614120404531
"360",0.2,"nuP32","co","c",-0.167501213998294
"361",0.2,"nuP32","comp","c",0.68729236598775
"362",0.2,"nuP32","solo","c",0.478796183808019
"363",0.2,"nuP33","solo","c",0.356756410737669
"364",0.2,"nuP34","co","c",0.00151014591444197
"365",0.2,"nuP34","comp","c",1.23758842818509
"366",0.2,"nuP34","solo","c",0.593957371859915
"367",0.2,"nuP36","co","c",0.068295657792101
"368",0.2,"nuP36","comp","c",-0.787207443272103
"369",0.2,"nuP36","solo","c",-1.33347411647624
"370",0.2,"nuP37","co","c",-1.19906930507508
"371",0.2,"nuP37","comp","c",-0.886910298743333
"372",0.2,"nuP37","solo","c",-1.34868348706481
"373",0.2,"nuP38","co","c",-1.6120434908559
"374",0.2,"nuP38","comp","c",-3.61282187322795
"375",0.2,"nuP38","solo","c",-1.28000775819292
"376",0.2,"p012","co","e",1.87755177122847
"377",0.2,"p012","comp","e",1.91388050859992
"378",0.2,"p012","solo","e",1.52109816304066
"379",0.2,"sd10","co","e",-0.624951652122063
"380",0.2,"sd10","comp","e",-0.710823418417592
"381",0.2,"sd10","solo","e",-0.0293158768253038
"382",0.2,"sd12","co","e",0.582948114529171
"383",0.2,"sd12","solo","e",0.203955111680942
"384",0.2,"sdP1","co","e",2.68186732953175
"385",0.2,"sdP1","comp","e",3.23454878708123
"386",0.2,"sdP1","solo","e",2.43031847093239
"387",0.2,"sdP11","co","e",1.92035086123792
"388",0.2,"sdP11","comp","e",0.364549884419449
"389",0.2,"sdP11","solo","e",-0.0187852142754474
"390",0.2,"sdP12","co","e",-0.115892421868394
"391",0.2,"sdP12","comp","e",1.83224246041947
"392",0.2,"sdP12","solo","e",-0.906575811626778
"393",0.2,"sdP13","co","c",1.54628566963307
"394",0.2,"sdP13","comp","c",0.817844190789313
"395",0.2,"sdP13","solo","c",0.265548661083304
"396",0.2,"sdP14","co","e",0.708443100704585
"397",0.2,"sdP14","comp","e",0.206196973623632
"398",0.2,"sdP14","solo","e",-0.142447583964891
"399",0.2,"sdP15","co","e",-1.00375494895118
"400",0.2,"sdP15","comp","e",-0.408483530146188
"401",0.2,"sdP15","solo","e",-0.22045391118996
"402",0.2,"sdP18","comp","c",1.2151965217939
"403",0.2,"sdP2","co","c",-1.23455895131158
"404",0.2,"sdP2","comp","c",-1.81095137271139
"405",0.2,"sdP2","solo","c",-0.810275380256761
"406",0.2,"sdP3","co","c",-0.730979320974723
"407",0.2,"sdP3","comp","c",-0.596810902427996
"408",0.2,"sdP3","solo","c",0.946719525561461
"409",0.2,"sdP4","co","e",-0.263154482937508
"410",0.2,"sdP4","comp","e",0.131539646006246
"411",0.2,"sdP4","solo","e",-0.233943323931722
"412",0.2,"sdP5","co","e",-2.07072690117646
"413",0.2,"sdP5","comp","e",-1.6447033385989
"414",0.2,"sdP5","solo","e",-0.701513486596126
"415",0.2,"sdP8","co","c",0.720422673780881
"416",0.2,"sdP8","comp","c",1.57922276386368
"417",0.2,"sdP8","solo","c",-0.240240183043938
"418",0.2,"sdP9","co","e",-1.08882217738214
"419",0.2,"sdP9","comp","e",-0.349169262387143
"420",0.2,"sdP9","solo","e",-0.611558182020698
"421",0.3,"","co","",1.43535261156867
"422",0.3,"P31","co","c",-0.343642931032159
"423",0.3,"P31","comp","c",0.91521321069988
"424",0.3,"P31","solo","c",2.97253641908596
"425",0.3,"P33","co","e",0.530284450235773
"426",0.3,"P33","comp","e",-0.72785863356522
"427",0.3,"P34","solo","c",3.74270454056186
"428",0.3,"P35","co","c",-0.892810302965378
"429",0.3,"P35","comp","c",1.08603564394762
"430",0.3,"P35","solo","c",0.277406738456158
"431",0.3,"P36","co","c",-0.25371435752395
"432",0.3,"P36","solo","c",-0.108889904480845
"433",0.3,"P5","co","e",-0.869135717692892
"434",0.3,"P5","comp","e",-0.963415136981606
"435",0.3,"P5","solo","e",-1.09450655394993
"436",0.3,"P6","co","e",-2.95862296209965
"437",0.3,"P6","comp","e",-2.89752166328442
"438",0.3,"P6","solo","e",-1.53797532050933
"439",0.3,"P7","co","e",0.701175938654145
"440",0.3,"P7","comp","e",1.86456533096739
"441",0.3,"P7","solo","e",2.85077757216939
"442",0.3,"P9","co","e",0.1523392139357
"443",0.3,"P9","comp","e",-1.65934729822506
"444",0.3,"P9","solo","e",-0.0110298644899789
"445",0.3,"Py","comp","e",3.25774949290036
"446",0.3,"nuP10","co","c",1.32823948004247
"447",0.3,"nuP10","comp","c",2.25447028261068
"448",0.3,"nuP10","solo","c",4.52659904103354
"449",0.3,"nuP11","co","e",2.13469961203107
"450",0.3,"nuP11","comp","e",1.64375821013129
"451",0.3,"nuP11","solo","e",2.12589115088506
"452",0.3,"nuP12","solo","e",3.39307929339025
"453",0.3,"nuP13","co","e",1.16903711887458
"454",0.3,"nuP13","comp","e",1.01699180307351
"455",0.3,"nuP13","solo","e",2.76825171924368
"456",0.3,"nuP14","co","e",-2.17848678777163
"457",0.3,"nuP14","comp","e",0.455874379129575
"458",0.3,"nuP14","solo","e",1.07240685486985
"459",0.3,"nuP15","co","c",-1.28280181829568
"460",0.3,"nuP15","comp","c",0.918709925653251
"461",0.3,"nuP15","solo","c",1.63597562344857
"462",0.3,"nuP17","co","c",-2.89697434603297
"463",0.3,"nuP17","comp","c",-2.23987454490639
"464",0.3,"nuP17","solo","c",-0.0868270684197624
"465",0.3,"nuP18","co","c",1.10482846273719
"466",0.3,"nuP18","comp","c",0.964320300725452
"467",0.3,"nuP18","solo","c",0.61742249677968
"468",0.3,"nuP19","co","c",0.43229007173139
"469",0.3,"nuP19","comp","c",-1.86782574115238
"470",0.3,"nuP19","solo","c",2.46722515578904
"471",0.3,"nuP20","co","c",-3.1520825191156
"472",0.3,"nuP20","comp","c",2.00558181303042
"473",0.3,"nuP20","solo","c",3.91167867146703
"474",0.3,"nuP21","co","c",-0.0102056404035614
"475",0.3,"nuP21","comp","c",1.82754141732162
"476",0.3,"nuP21","solo","c",3.31754235069798
"477",0.3,"nuP22","co","c",-3.83921630828856
"478",0.3,"nuP22","comp","c",-4.89407886301423
"479",0.3,"nuP22","solo","c",-1.49222598250868
"480",0.3,"nuP23","co","c",1.45933299603291
"481",0.3,"nuP23","comp","c",2.91551154584942
"482",0.3,"nuP23","solo","c",2.50380574530931
"483",0.3,"nuP24","co","c",-0.966661507312634
"484",0.3,"nuP24","comp","c",1.32944960764582
"485",0.3,"nuP24","solo","c",0.355946094952662
"486",0.3,"nuP25","co","c",0.175037085738201
"487",0.3,"nuP25","comp","c",-0.988225749626171
"488",0.3,"nuP25","solo","c",-0.252511718470734
"489",0.3,"nuP28","co","c",0.0723359080051887
"490",0.3,"nuP28","comp","c",-0.679869739988333
"491",0.3,"nuP28","comp","e",-0.503243739251056
"492",0.3,"nuP28","solo","c",0.417398881999435
"493",0.3,"nuP29","co","c",-4.15204598192116
"494",0.3,"nuP29","comp","c",-5.03303527661986
"495",0.3,"nuP29","solo","c",-1.17632282912306
"496",0.3,"nuP30","co","c",1.63412430827535
"497",0.3,"nuP30","comp","c",-0.519833450831491
"498",0.3,"nuP30","solo","c",-2.10610391080174
"499",0.3,"nuP31","solo","c",4.98372877463867
"500",0.3,"nuP32","co","c",-0.60313483585215
"501",0.3,"nuP32","comp","c",1.51998256251408
"502",0.3,"nuP32","solo","c",1.65131674088192
"503",0.3,"nuP33","solo","c",-1.46175409019478
"504",0.3,"nuP34","co","c",-0.890239039736395
"505",0.3,"nuP34","comp","c",4.94026422010218
"506",0.3,"nuP34","solo","c",4.26430754268503
"507",0.3,"nuP36","co","c",0.535911817181258
"508",0.3,"nuP36","comp","c",-0.385388355943326
"509",0.3,"nuP36","solo","c",-2.25818105160604
"510",0.3,"nuP37","co","c",-0.929212959315815
"511",0.3,"nuP37","comp","c",2.67135245080393
"512",0.3,"nuP37","solo","c",3.96419449578067
"513",0.3,"nuP38","co","c",-1.30479269802427
"514",0.3,"nuP38","comp","c",2.53075419406896
"515",0.3,"nuP38","solo","c",1.97003746763179
"516",0.3,"p012","co","e",3.08887199166146
"517",0.3,"p012","comp","e",3.08823362102558
"518",0.3,"p012","solo","e",2.66523901997899
"519",0.3,"sd10","co","e",-1.96083067323938
"520",0.3,"sd10","comp","e",-1.60917294764394
"521",0.3,"sd10","solo","e",0.586825048868139
"522",0.3,"sd12","co","e",0.781540407736585
"523",0.3,"sd12","solo","e",0.786738684999993
"524",0.3,"sdP1","co","e",3.3723280666347
"525",0.3,"sdP1","comp","e",5.56548817956148
"526",0.3,"sdP1","solo","e",4.89910871479884
"527",0.3,"sdP11","co","e",4.02183560651988
"528",0.3,"sdP11","comp","e",0.380555655903128
"529",0.3,"sdP11","solo","e",0.318597448641767
"530",0.3,"sdP12","co","e",-0.263615887345707
"531",0.3,"sdP12","comp","e",3.33013605997891
"532",0.3,"sdP12","solo","e",0.707003111978836
"533",0.3,"sdP13","co","c",2.68672563855004
"534",0.3,"sdP13","comp","c",3.21509117836622
"535",0.3,"sdP13","solo","c",0.374616406187133
"536",0.3,"sdP14","co","e",0.925813590659612
"537",0.3,"sdP14","comp","e",1.31231799388867
"538",0.3,"sdP14","solo","e",1.00296442959994
"539",0.3,"sdP15","co","e",-0.310343259440176
"540",0.3,"sdP15","comp","e",4.09709904955141
"541",0.3,"sdP15","solo","e",4.27456312524272
"542",0.3,"sdP18","comp","c",2.38656986159975
"543",0.3,"sdP2","co","c",-0.940997728875835
"544",0.3,"sdP2","comp","c",-0.470935454144463
"545",0.3,"sdP2","solo","c",0.121020002295263
"546",0.3,"sdP3","co","c",0.0232884735440557
"547",0.3,"sdP3","comp","c",0.429917816861077
"548",0.3,"sdP3","solo","c",2.40892516066569
"549",0.3,"sdP4","co","e",-1.6142927321148
"550",0.3,"sdP4","comp","e",-1.17183207592188
"551",0.3,"sdP4","solo","e",-0.797577784516862
"552",0.3,"sdP5","co","e",-2.9565735701627
"553",0.3,"sdP5","comp","e",0.520162449211745
"554",0.3,"sdP5","solo","e",1.82412412534291
"555",0.3,"sdP8","co","c",0.873286340982724
"556",0.3,"sdP8","comp","c",3.58924275869209
"557",0.3,"sdP8","solo","c",0.0747975486881738
"558",0.3,"sdP9","co","e",-3.18705259973122
"559",0.3,"sdP9","comp","e",-2.18939267217921
"560",0.3,"sdP9","solo","e",-2.06429198303785
"561",0.4,"","co","",0.787488664825309
"562",0.4,"P31","co","c",2.54836605944122
"563",0.4,"P31","comp","c",4.85251100658916
"564",0.4,"P31","solo","c",5.80434468449805
"565",0.4,"P33","co","e",1.55912853850926
"566",0.4,"P33","comp","e",1.5523188642179
"567",0.4,"P34","solo","c",5.41195185159082
"568",0.4,"P35","co","c",0.477514830455459
"569",0.4,"P35","comp","c",2.92593981795991
"570",0.4,"P35","solo","c",2.71511318575099
"571",0.4,"P36","co","c",0.577451490067516
"572",0.4,"P36","solo","c",1.48768840883801
"573",0.4,"P5","co","e",0.127756152559747
"574",0.4,"P5","comp","e",1.19125063515826
"575",0.4,"P5","solo","e",-0.805281459482957
"576",0.4,"P6","co","e",-4.25970503838874
"577",0.4,"P6","comp","e",-2.08679682556085
"578",0.4,"P6","solo","e",-1.24716823601324
"579",0.4,"P7","co","e",2.23309699915992
"580",0.4,"P7","comp","e",4.71697517267679
"581",0.4,"P7","solo","e",3.59118145617928
"582",0.4,"P9","co","e",0.284844464057244
"583",0.4,"P9","comp","e",2.28066833350284
"584",0.4,"P9","solo","e",4.67276730547198
"585",0.4,"Py","comp","e",2.94854703813831
"586",0.4,"nuP10","co","c",2.86205094344362
"587",0.4,"nuP10","comp","c",4.95850122747494
"588",0.4,"nuP10","solo","c",6.8062669470127
"589",0.4,"nuP11","co","e",3.80563704287794
"590",0.4,"nuP11","comp","e",3.35613175788256
"591",0.4,"nuP11","solo","e",4.65538602430868
"592",0.4,"nuP12","solo","e",5.01920329832706
"593",0.4,"nuP13","co","e",3.36835497104459
"594",0.4,"nuP13","comp","e",4.98144808633226
"595",0.4,"nuP13","solo","e",9.07328493831626
"596",0.4,"nuP14","co","e",-0.322710771326877
"597",0.4,"nuP14","comp","e",1.78663653629629
"598",0.4,"nuP14","solo","e",3.44663244305485
"599",0.4,"nuP15","co","c",-0.0675968638631651
"600",0.4,"nuP15","comp","c",2.47297100435938
"601",0.4,"nuP15","solo","c",5.71493939496141
"602",0.4,"nuP17","co","c",-4.39501265657852
"603",0.4,"nuP17","comp","c",-5.22319703997858
"604",0.4,"nuP17","solo","c",0.31657256925386
"605",0.4,"nuP18","co","c",2.22555472624937
"606",0.4,"nuP18","comp","c",0.688129767041598
"607",0.4,"nuP18","solo","c",2.86675255229377
"608",0.4,"nuP19","co","c",2.92825317725387
"609",0.4,"nuP19","comp","c",8.8545234978121
"610",0.4,"nuP19","solo","c",9.26937058166302
"611",0.4,"nuP20","co","c",-0.121102480768009
"612",0.4,"nuP20","comp","c",4.3945575077224
"613",0.4,"nuP20","solo","c",4.58550228066733
"614",0.4,"nuP21","co","c",0.631233259737886
"615",0.4,"nuP21","comp","c",2.27398707314421
"616",0.4,"nuP21","solo","c",3.64815073231514
"617",0.4,"nuP22","co","c",0.361168159155668
"618",0.4,"nuP22","comp","c",3.36757392221861
"619",0.4,"nuP22","solo","c",4.748622531732
"620",0.4,"nuP23","co","c",4.43083990448969
"621",0.4,"nuP23","comp","c",5.12392121405241
"622",0.4,"nuP23","solo","c",4.53369839887833
"623",0.4,"nuP24","co","c",1.94508798656289
"624",0.4,"nuP24","comp","c",4.70967485686714
"625",0.4,"nuP24","solo","c",6.97547213638249
"626",0.4,"nuP25","co","c",4.55794058000066
"627",0.4,"nuP25","comp","c",9.93989307557666
"628",0.4,"nuP25","solo","c",5.79940612719956
"629",0.4,"nuP28","co","c",-0.0683821395120984
"630",0.4,"nuP28","comp","c",-0.0399583360534277
"631",0.4,"nuP28","comp","e",0.940946670421602
"632",0.4,"nuP28","solo","c",-0.177629558597448
"633",0.4,"nuP29","co","c",-3.14066532454656
"634",0.4,"nuP29","comp","c",0.979510276361854
"635",0.4,"nuP29","solo","c",-0.226211456115905
"636",0.4,"nuP30","co","c",1.34897414314526
"637",0.4,"nuP30","comp","c",2.70526794942559
"638",0.4,"nuP30","solo","c",-0.404468987842344
"639",0.4,"nuP31","solo","c",6.37112167699043
"640",0.4,"nuP32","co","c",2.48686215762272
"641",0.4,"nuP32","comp","c",5.01114553695371
"642",0.4,"nuP32","solo","c",3.85056888503041
"643",0.4,"nuP33","solo","c",-1.38171137017979
"644",0.4,"nuP34","co","c",3.5520170704095
"645",0.4,"nuP34","comp","c",4.46929176160164
"646",0.4,"nuP34","solo","c",6.04155311043192
"647",0.4,"nuP36","co","c",3.1995847803672
"648",0.4,"nuP36","comp","c",1.00520933654188
"649",0.4,"nuP36","solo","c",-1.09039186895799
"650",0.4,"nuP37","co","c",2.26099844660046
"651",0.4,"nuP37","comp","c",6.77330690465923
"652",0.4,"nuP37","solo","c",7.10589839229778
"653",0.4,"nuP38","co","c",2.99838569810946
"654",0.4,"nuP38","comp","c",4.51290350661144
"655",0.4,"nuP38","solo","c",5.0395521040686
"656",0.4,"p012","co","e",3.43481260118437
"657",0.4,"p012","comp","e",3.14991435583939
"658",0.4,"p012","solo","e",4.00997137491418
"659",0.4,"sd10","co","e",-2.16071253256871
"660",0.4,"sd10","comp","e",-1.23706142296688
"661",0.4,"sd10","solo","e",0.775757628469666
"662",0.4,"sd12","co","e",0.698884085967542
"663",0.4,"sd12","solo","e",3.66778803718293
"664",0.4,"sdP1","co","e",5.61422230071767
"665",0.4,"sdP1","comp","e",8.23116635040921
"666",0.4,"sdP1","solo","e",7.44667387639773
"667",0.4,"sdP11","co","e",8.35700455132231
"668",0.4,"sdP11","comp","e",1.77321161700277
"669",0.4,"sdP11","solo","e",1.10399819229678
"670",0.4,"sdP12","co","e",0.14196174288956
"671",0.4,"sdP12","comp","e",4.20257435940994
"672",0.4,"sdP12","solo","e",3.79063914665079
"673",0.4,"sdP13","co","c",3.25204629803045
"674",0.4,"sdP13","comp","c",2.48424088510512
"675",0.4,"sdP13","solo","c",3.47340563927794
"676",0.4,"sdP14","co","e",1.44339443062845
"677",0.4,"sdP14","comp","e",2.71940852043001
"678",0.4,"sdP14","solo","e",2.81196037639079
"679",0.4,"sdP15","co","e",2.45036215199146
"680",0.4,"sdP15","comp","e",9.01114562216048
"681",0.4,"sdP15","solo","e",7.85749759407545
"682",0.4,"sdP18","comp","c",4.99871982667848
"683",0.4,"sdP2","co","c",-0.301450209950416
"684",0.4,"sdP2","comp","c",2.40168816648398
"685",0.4,"sdP2","solo","c",3.83146291342789
"686",0.4,"sdP3","co","c",1.68752139277614
"687",0.4,"sdP3","comp","c",1.07820378391935
"688",0.4,"sdP3","solo","c",5.01919057227776
"689",0.4,"sdP4","co","e",-1.97497118517608
"690",0.4,"sdP4","comp","e",-2.15156969813234
"691",0.4,"sdP4","solo","e",-1.50900024192957
"692",0.4,"sdP5","co","e",-3.23816870356349
"693",0.4,"sdP5","comp","e",1.07972003929107
"694",0.4,"sdP5","solo","e",3.7614027622178
"695",0.4,"sdP8","co","c",1.23393714316355
"696",0.4,"sdP8","comp","c",4.65278932406181
"697",0.4,"sdP8","solo","c",0.959743089409768
"698",0.4,"sdP9","co","e",-2.20057018860002
"699",0.4,"sdP9","comp","e",-1.58690767797533
"700",0.4,"sdP9","solo","e",-0.394451888154863
"701",0.5,"","co","",1.0856802075593
"702",0.5,"P31","co","c",3.50812185950397
"703",0.5,"P31","comp","c",5.14957689512455
"704",0.5,"P31","solo","c",6.40477475704328
"705",0.5,"P33","co","e",2.5795699592549
"706",0.5,"P33","comp","e",2.20489744788406
"707",0.5,"P34","solo","c",5.15044813018271
"708",0.5,"P35","co","c",1.95921977120697
"709",0.5,"P35","comp","c",3.77672964291511
"710",0.5,"P35","solo","c",2.81107544721578
"711",0.5,"P36","co","c",1.52071877101719
"712",0.5,"P36","solo","c",2.25301125893087
"713",0.5,"P5","co","e",2.53819244908261
"714",0.5,"P5","comp","e",3.59540824027173
"715",0.5,"P5","solo","e",1.61271849268749
"716",0.5,"P6","co","e",-3.48919086836102
"717",0.5,"P6","comp","e",-0.350301841455396
"718",0.5,"P6","solo","e",0.145075712299772
"719",0.5,"P7","co","e",3.70595338103154
"720",0.5,"P7","comp","e",5.10679282821173
"721",0.5,"P7","solo","e",3.74463616275085
"722",0.5,"P9","co","e",1.05799854907701
"723",0.5,"P9","comp","e",2.62143368315373
"724",0.5,"P9","solo","e",4.42699029166527
"725",0.5,"Py","comp","e",4.4239291856734
"726",0.5,"nuP10","co","c",5.09845938427492
"727",0.5,"nuP10","comp","c",5.50079137997997
"728",0.5,"nuP10","solo","c",7.2086539094018
"729",0.5,"nuP11","co","e",4.34832715340256
"730",0.5,"nuP11","comp","e",3.74900525583239
"731",0.5,"nuP11","solo","e",4.98605189316107
"732",0.5,"nuP12","solo","e",4.96350819454964
"733",0.5,"nuP13","co","e",5.70278890531887
"734",0.5,"nuP13","comp","e",7.67374315791585
"735",0.5,"nuP13","solo","e",9.19387967404067
"736",0.5,"nuP14","co","e",-0.010498769958321
"737",0.5,"nuP14","comp","e",1.29167738704158
"738",0.5,"nuP14","solo","e",3.22560763150209
"739",0.5,"nuP15","co","c",1.32605537532524
"740",0.5,"nuP15","comp","c",2.66141512901194
"741",0.5,"nuP15","solo","c",5.34848286032502
"742",0.5,"nuP17","co","c",0.360034638450482
"743",0.5,"nuP17","comp","c",0.374032312191739
"744",0.5,"nuP17","solo","c",3.78460033472078
"745",0.5,"nuP18","co","c",2.68815171865476
"746",0.5,"nuP18","comp","c",3.0384139980874
"747",0.5,"nuP18","solo","c",5.03848048888207
"748",0.5,"nuP19","co","c",6.36110566037564
"749",0.5,"nuP19","comp","c",8.76353694929547
"750",0.5,"nuP19","solo","c",11.3404140364569
"751",0.5,"nuP20","co","c",2.53366824532417
"752",0.5,"nuP20","comp","c",6.72548214266054
"753",0.5,"nuP20","solo","c",5.99817247062045
"754",0.5,"nuP21","co","c",0.864351972059077
"755",0.5,"nuP21","comp","c",1.57159263334477
"756",0.5,"nuP21","solo","c",2.73345537706048
"757",0.5,"nuP22","co","c",1.20289490838968
"758",0.5,"nuP22","comp","c",2.78976985303846
"759",0.5,"nuP22","solo","c",4.39593119835265
"760",0.5,"nuP23","co","c",5.50626152376385
"761",0.5,"nuP23","comp","c",5.75728923789869
"762",0.5,"nuP23","solo","c",4.80671046239428
"763",0.5,"nuP24","co","c",1.39798754748681
"764",0.5,"nuP24","comp","c",4.50147552831104
"765",0.5,"nuP24","solo","c",5.75964933227739
"766",0.5,"nuP25","co","c",7.85716164994937
"767",0.5,"nuP25","comp","c",10.943162071104
"768",0.5,"nuP25","solo","c",7.13255223370486
"769",0.5,"nuP28","co","c",1.56088236932761
"770",0.5,"nuP28","comp","c",2.07186964568552
"771",0.5,"nuP28","comp","e",1.3157494805299
"772",0.5,"nuP28","solo","c",3.7869513000975
"773",0.5,"nuP29","co","c",1.03804213554004
"774",0.5,"nuP29","comp","c",6.17352106333462
"775",0.5,"nuP29","solo","c",4.50653049882801
"776",0.5,"nuP30","co","c",3.68727897349255
"777",0.5,"nuP30","comp","c",5.46263586799044
"778",0.5,"nuP30","solo","c",3.93737286625117
"779",0.5,"nuP31","solo","c",6.76767769893808
"780",0.5,"nuP32","co","c",3.41599823406142
"781",0.5,"nuP32","comp","c",6.74034742674059
"782",0.5,"nuP32","solo","c",5.45482833498729
"783",0.5,"nuP33","solo","c",-0.388723599324833
"784",0.5,"nuP34","co","c",5.94476689888533
"785",0.5,"nuP34","comp","c",4.70750714537359
"786",0.5,"nuP34","solo","c",5.45030241757974
"787",0.5,"nuP36","co","c",3.47793591493496
"788",0.5,"nuP36","comp","c",1.83051507063145
"789",0.5,"nuP36","solo","c",-0.208862421789377
"790",0.5,"nuP37","co","c",3.763354248995
"791",0.5,"nuP37","comp","c",5.9239869954128
"792",0.5,"nuP37","solo","c",6.0648783558277
"793",0.5,"nuP38","co","c",3.27819167293475
"794",0.5,"nuP38","comp","c",5.70331074500742
"795",0.5,"nuP38","solo","c",5.16205244249415
"796",0.5,"p012","co","e",5.54312668258827
"797",0.5,"p012","comp","e",4.39252357410957
"798",0.5,"p012","solo","e",3.49970515764009
"799",0.5,"sd10","co","e",-0.981329034322846
"800",0.5,"sd10","comp","e",-0.241877260108304
"801",0.5,"sd10","solo","e",2.21026813397176
"802",0.5,"sd12","co","e",2.08838233344411
"803",0.5,"sd12","solo","e",4.96647067107241
"804",0.5,"sdP1","co","e",7.1095801798065
"805",0.5,"sdP1","comp","e",9.13727648605001
"806",0.5,"sdP1","solo","e",9.68998500567168
"807",0.5,"sdP11","co","e",10.4500924772914
"808",0.5,"sdP11","comp","e",2.86093519492003
"809",0.5,"sdP11","solo","e",0.0291313942270325
"810",0.5,"sdP12","co","e",0.0526300829678492
"811",0.5,"sdP12","comp","e",4.17979162126435
"812",0.5,"sdP12","solo","e",3.50874678934884
"813",0.5,"sdP13","co","c",3.37005369956699
"814",0.5,"sdP13","comp","c",3.17574100442454
"815",0.5,"sdP13","solo","c",3.5688060230977
"816",0.5,"sdP14","co","e",3.22456157997715
"817",0.5,"sdP14","comp","e",3.12101059093588
"818",0.5,"sdP14","solo","e",4.03979060495482
"819",0.5,"sdP15","co","e",4.52046415048323
"820",0.5,"sdP15","comp","e",8.50541606089308
"821",0.5,"sdP15","solo","e",7.75903075469778
"822",0.5,"sdP18","comp","c",4.72277162919781
"823",0.5,"sdP2","co","c",0.291420162346282
"824",0.5,"sdP2","comp","c",1.77706568969502
"825",0.5,"sdP2","solo","c",2.9390676925716
"826",0.5,"sdP3","co","c",4.45426512383434
"827",0.5,"sdP3","comp","c",4.19666088180697
"828",0.5,"sdP3","solo","c",9.42613278698574
"829",0.5,"sdP4","co","e",-0.217259452446041
"830",0.5,"sdP4","comp","e",-0.123024234582579
"831",0.5,"sdP4","solo","e",2.59874852132086
"832",0.5,"sdP5","co","e",-1.52131614182708
"833",0.5,"sdP5","comp","e",0.969581197574403
"834",0.5,"sdP5","solo","e",3.4336122034908
"835",0.5,"sdP8","co","c",2.34067787416063
"836",0.5,"sdP8","comp","c",3.92656945299858
"837",0.5,"sdP8","solo","c",1.63763571956077
"838",0.5,"sdP9","co","e",0.553955294217443
"839",0.5,"sdP9","comp","e",-0.523158416774152
"840",0.5,"sdP9","solo","e",0.369705402967847
"841",0.6,"","co","",1.55005954850936
"842",0.6,"P31","co","c",4.45829290825702
"843",0.6,"P31","comp","c",4.21338497878102
"844",0.6,"P31","solo","c",5.4973472322069
"845",0.6,"P33","co","e",2.66065662436254
"846",0.6,"P33","comp","e",1.53484493127622
"847",0.6,"P34","solo","c",5.68747332419599
"848",0.6,"P35","co","c",3.23719939846533
"849",0.6,"P35","comp","c",2.80393932142449
"850",0.6,"P35","solo","c",3.69884298172628
"851",0.6,"P36","co","c",2.39910107137538
"852",0.6,"P36","solo","c",3.56343554835027
"853",0.6,"P5","co","e",3.40384786178225
"854",0.6,"P5","comp","e",4.05251117130406
"855",0.6,"P5","solo","e",0.89277352143377
"856",0.6,"P6","co","e",-2.70431771081344
"857",0.6,"P6","comp","e",-0.277391969535853
"858",0.6,"P6","solo","e",0.385793483807449
"859",0.6,"P7","co","e",2.9834015540728
"860",0.6,"P7","comp","e",2.9154376833312
"861",0.6,"P7","solo","e",3.06225238053357
"862",0.6,"P9","co","e",1.58075070802925
"863",0.6,"P9","comp","e",4.49872067868788
"864",0.6,"P9","solo","e",4.55245434898621
"865",0.6,"Py","comp","e",2.3693341438046
"866",0.6,"nuP10","co","c",5.92341686288669
"867",0.6,"nuP10","comp","c",5.02828976358983
"868",0.6,"nuP10","solo","c",8.16136627581582
"869",0.6,"nuP11","co","e",4.06191327918837
"870",0.6,"nuP11","comp","e",3.55383883922031
"871",0.6,"nuP11","solo","e",4.14146892491197
"872",0.6,"nuP12","solo","e",5.06142816360193
"873",0.6,"nuP13","co","e",7.21195813065363
"874",0.6,"nuP13","comp","e",8.47040998682216
"875",0.6,"nuP13","solo","e",11.9741534300467
"876",0.6,"nuP14","co","e",1.00594417968206
"877",0.6,"nuP14","comp","e",1.37005361801028
"878",0.6,"nuP14","solo","e",3.49477023285594
"879",0.6,"nuP15","co","c",2.87426270455274
"880",0.6,"nuP15","comp","c",3.51166476415641
"881",0.6,"nuP15","solo","c",4.57932215948179
"882",0.6,"nuP17","co","c",3.12097547948515
"883",0.6,"nuP17","comp","c",5.07805939521402
"884",0.6,"nuP17","solo","c",6.44139966882728
"885",0.6,"nuP18","co","c",2.21970191103159
"886",0.6,"nuP18","comp","c",2.7289671707333
"887",0.6,"nuP18","solo","c",4.89587570395311
"888",0.6,"nuP19","co","c",7.06807869259052
"889",0.6,"nuP19","comp","c",7.89858627616291
"890",0.6,"nuP19","solo","c",10.4402923969878
"891",0.6,"nuP20","co","c",6.00985120433249
"892",0.6,"nuP20","comp","c",8.23952696276174
"893",0.6,"nuP20","solo","c",9.48361375900262
"894",0.6,"nuP21","co","c",0.735021855971948
"895",0.6,"nuP21","comp","c",1.17275440730326
"896",0.6,"nuP21","solo","c",2.45653737708796
"897",0.6,"nuP22","co","c",0.849277317496625
"898",0.6,"nuP22","comp","c",1.32446386747978
"899",0.6,"nuP22","solo","c",2.90157830949164
"900",0.6,"nuP23","co","c",5.57461617674535
"901",0.6,"nuP23","comp","c",6.40711223461777
"902",0.6,"nuP23","solo","c",6.14810233183853
"903",0.6,"nuP24","co","c",3.68324455381976
"904",0.6,"nuP24","comp","c",4.63896700997382
"905",0.6,"nuP24","solo","c",6.83857063627953
"906",0.6,"nuP25","co","c",9.80850926188424
"907",0.6,"nuP25","comp","c",11.1680892841134
"908",0.6,"nuP25","solo","c",7.67133228171558
"909",0.6,"nuP28","co","c",2.61331722410627
"910",0.6,"nuP28","comp","c",3.34738753312983
"911",0.6,"nuP28","comp","e",0.997425225728981
"912",0.6,"nuP28","solo","c",4.01357359669234
"913",0.6,"nuP29","co","c",3.14058221112434
"914",0.6,"nuP29","comp","c",6.0514181726587
"915",0.6,"nuP29","solo","c",5.5153323435702
"916",0.6,"nuP30","co","c",5.68189480434857
"917",0.6,"nuP30","comp","c",7.52225029345318
"918",0.6,"nuP30","solo","c",6.23737201782093
"919",0.6,"nuP31","solo","c",6.5671944035845
"920",0.6,"nuP32","co","c",4.0167513329729
"921",0.6,"nuP32","comp","c",7.96208236288256
"922",0.6,"nuP32","solo","c",6.86518252698999
"923",0.6,"nuP33","solo","c",0.28441987582829
"924",0.6,"nuP34","co","c",5.06512719592196
"925",0.6,"nuP34","comp","c",5.43413366569713
"926",0.6,"nuP34","solo","c",6.42945316508716
"927",0.6,"nuP36","co","c",4.92951669695132
"928",0.6,"nuP36","comp","c",2.9354608434267
"929",0.6,"nuP36","solo","c",1.27046087361477
"930",0.6,"nuP37","co","c",3.34425999286824
"931",0.6,"nuP37","comp","c",4.81646911485548
"932",0.6,"nuP37","solo","c",4.60369864040378
"933",0.6,"nuP38","co","c",4.82742796114263
"934",0.6,"nuP38","comp","c",7.43179502940865
"935",0.6,"nuP38","solo","c",4.90263064215011
"936",0.6,"p012","co","e",6.1726407700992
"937",0.6,"p012","comp","e",4.52912383710439
"938",0.6,"p012","solo","e",3.23123291354072
"939",0.6,"sd10","co","e",0.39816496268509
"940",0.6,"sd10","comp","e",1.19501441490576
"941",0.6,"sd10","solo","e",3.61883145479553
"942",0.6,"sd12","co","e",3.45691947612514
"943",0.6,"sd12","solo","e",3.70168338705067
"944",0.6,"sdP1","co","e",9.26104290038681
"945",0.6,"sdP1","comp","e",9.69879077001652
"946",0.6,"sdP1","solo","e",10.5442137473698
"947",0.6,"sdP11","co","e",11.0721666789938
"948",0.6,"sdP11","comp","e",5.06808610505438
"949",0.6,"sdP11","solo","e",0.915736479051047
"950",0.6,"sdP12","co","e",0.959532951310782
"951",0.6,"sdP12","comp","e",3.33607431815146
"952",0.6,"sdP12","solo","e",1.76980084256035
"953",0.6,"sdP13","co","c",4.47618949902887
"954",0.6,"sdP13","comp","c",3.96594162067744
"955",0.6,"sdP13","solo","c",4.45335366915613
"956",0.6,"sdP14","co","e",3.4428634382204
"957",0.6,"sdP14","comp","e",3.41615672066217
"958",0.6,"sdP14","solo","e",5.88923455457073
"959",0.6,"sdP15","co","e",4.79667863264602
"960",0.6,"sdP15","comp","e",8.75299344946296
"961",0.6,"sdP15","solo","e",8.00800009980228
"962",0.6,"sdP18","comp","c",3.48621750591456
"963",0.6,"sdP2","co","c",2.60979546407215
"964",0.6,"sdP2","comp","c",3.35834471590886
"965",0.6,"sdP2","solo","c",4.2279196072192
"966",0.6,"sdP3","co","c",6.63828012371728
"967",0.6,"sdP3","comp","c",7.25776264184655
"968",0.6,"sdP3","solo","c",11.2476370080148
"969",0.6,"sdP4","co","e",2.56133824506653
"970",0.6,"sdP4","comp","e",1.67087232133934
"971",0.6,"sdP4","solo","e",4.63049879354734
"972",0.6,"sdP5","co","e",-0.206681876822058
"973",0.6,"sdP5","comp","e",1.86847605517784
"974",0.6,"sdP5","solo","e",3.63132677361247
"975",0.6,"sdP8","co","c",4.24784549469192
"976",0.6,"sdP8","comp","c",3.93654347599753
"977",0.6,"sdP8","solo","c",3.05379194101345
"978",0.6,"sdP9","co","e",1.88602479490915
"979",0.6,"sdP9","comp","e",4.23521991539389
"980",0.6,"sdP9","solo","e",2.7725628496393
"981",0.7,"","co","",-0.701721660285142
"982",0.7,"P31","co","c",4.68802479055573
"983",0.7,"P31","comp","c",4.31644934070474
"984",0.7,"P31","solo","c",4.65072557314523
"985",0.7,"P33","co","e",3.17578868425983
"986",0.7,"P33","comp","e",1.83512120526848
"987",0.7,"P34","solo","c",7.60350902786043
"988",0.7,"P35","co","c",5.480651839341
"989",0.7,"P35","comp","c",4.66260949386227
"990",0.7,"P35","solo","c",4.61951608154031
"991",0.7,"P36","co","c",3.23359518345164
"992",0.7,"P36","solo","c",4.62686912058922
"993",0.7,"P5","co","e",4.28477108105697
"994",0.7,"P5","comp","e",3.85870261300822
"995",0.7,"P5","solo","e",1.55290135619089
"996",0.7,"P6","co","e",-1.91355276245738
"997",0.7,"P6","comp","e",-0.0756272844139204
"998",0.7,"P6","solo","e",0.603322189926554
"999",0.7,"P7","co","e",2.60653591246591
"1000",0.7,"P7","comp","e",2.47480321999078
"1001",0.7,"P7","solo","e",2.74472818709305
"1002",0.7,"P9","co","e",1.04061705811369
"1003",0.7,"P9","comp","e",4.63628126795923
"1004",0.7,"P9","solo","e",4.73866855011232
"1005",0.7,"Py","comp","e",2.19916855098424
"1006",0.7,"nuP10","co","c",5.36893104810239
"1007",0.7,"nuP10","comp","c",5.26359787633336
"1008",0.7,"nuP10","solo","c",8.47559564063024
"1009",0.7,"nuP11","co","e",4.15134516974267
"1010",0.7,"nuP11","comp","e",2.88858065526621
"1011",0.7,"nuP11","solo","e",3.53852900318461
"1012",0.7,"nuP12","solo","e",4.90806902575143
"1013",0.7,"nuP13","co","e",9.60430941476034
"1014",0.7,"nuP13","comp","e",8.22401788200367
"1015",0.7,"nuP13","solo","e",12.3538183939864
"1016",0.7,"nuP14","co","e",1.44954235433007
"1017",0.7,"nuP14","comp","e",2.43761386139832
"1018",0.7,"nuP14","solo","e",4.04313589980399
"1019",0.7,"nuP15","co","c",1.80004568814467
"1020",0.7,"nuP15","comp","c",3.99506852783084
"1021",0.7,"nuP15","solo","c",4.69063413756715
"1022",0.7,"nuP17","co","c",4.92216406091592
"1023",0.7,"nuP17","comp","c",6.80121632737054
"1024",0.7,"nuP17","solo","c",7.70793002307347
"1025",0.7,"nuP18","co","c",2.92777894348842
"1026",0.7,"nuP18","comp","c",2.64400318150026
"1027",0.7,"nuP18","solo","c",4.76740355449862
"1028",0.7,"nuP19","co","c",7.23903079656928
"1029",0.7,"nuP19","comp","c",7.16483967425321
"1030",0.7,"nuP19","solo","c",8.42962501988134
"1031",0.7,"nuP20","co","c",7.92812065216986
"1032",0.7,"nuP20","comp","c",9.47206502043026
"1033",0.7,"nuP20","solo","c",9.90735659653944
"1034",0.7,"nuP21","co","c",1.20715887913826
"1035",0.7,"nuP21","comp","c",1.95042617908197
"1036",0.7,"nuP21","solo","c",2.96104910826524
"1037",0.7,"nuP22","co","c",0.78397767621727
"1038",0.7,"nuP22","comp","c",1.71012834549857
"1039",0.7,"nuP22","solo","c",3.20939130858529
"1040",0.7,"nuP23","co","c",7.17001193820165
"1041",0.7,"nuP23","comp","c",7.67782380963382
"1042",0.7,"nuP23","solo","c",7.03180621457624
"1043",0.7,"nuP24","co","c",4.06527477146058
"1044",0.7,"nuP24","comp","c",4.69209928510194
"1045",0.7,"nuP24","solo","c",6.76739034127588
"1046",0.7,"nuP25","co","c",11.7208186114311
"1047",0.7,"nuP25","comp","c",10.3944933307416
"1048",0.7,"nuP25","solo","c",8.15984326391777
"1049",0.7,"nuP28","co","c",2.65243892469898
"1050",0.7,"nuP28","comp","c",2.58667092721752
"1051",0.7,"nuP28","comp","e",2.14019763499112
"1052",0.7,"nuP28","solo","c",4.1931654880134
"1053",0.7,"nuP29","co","c",3.89331260295219
"1054",0.7,"nuP29","comp","c",6.24640775576684
"1055",0.7,"nuP29","solo","c",5.08782871618365
"1056",0.7,"nuP30","co","c",9.64559704524006
"1057",0.7,"nuP30","comp","c",10.2581461839437
"1058",0.7,"nuP30","solo","c",7.41045911011186
"1059",0.7,"nuP31","solo","c",5.82356529570199
"1060",0.7,"nuP32","co","c",6.18072974680209
"1061",0.7,"nuP32","comp","c",7.71898577139543
"1062",0.7,"nuP32","solo","c",8.12846667083011
"1063",0.7,"nuP33","solo","c",0.909928145443517
"1064",0.7,"nuP34","co","c",6.87558078426713
"1065",0.7,"nuP34","comp","c",6.73165457500538
"1066",0.7,"nuP34","solo","c",8.2158381475367
"1067",0.7,"nuP36","co","c",6.20716235176047
"1068",0.7,"nuP36","comp","c",4.18088667308246
"1069",0.7,"nuP36","solo","c",3.2893851347024
"1070",0.7,"nuP37","co","c",3.50434684461288
"1071",0.7,"nuP37","comp","c",4.083976410442
"1072",0.7,"nuP37","solo","c",3.92584048129933
"1073",0.7,"nuP38","co","c",6.1046816449254
"1074",0.7,"nuP38","comp","c",9.68352589517614
"1075",0.7,"nuP38","solo","c",5.71442332649071
"1076",0.7,"p012","co","e",6.40844949353174
"1077",0.7,"p012","comp","e",5.00759473373986
"1078",0.7,"p012","solo","e",2.47171074367873
"1079",0.7,"sd10","co","e",1.1825978956282
"1080",0.7,"sd10","comp","e",2.06950088238697
"1081",0.7,"sd10","solo","e",4.88778467128751
"1082",0.7,"sd12","co","e",3.24435228155939
"1083",0.7,"sd12","solo","e",3.36701052129523
"1084",0.7,"sdP1","co","e",10.0356064274957
"1085",0.7,"sdP1","comp","e",9.15114653778202
"1086",0.7,"sdP1","solo","e",10.9016623932864
"1087",0.7,"sdP11","co","e",10.4493078140768
"1088",0.7,"sdP11","comp","e",6.228724775754
"1089",0.7,"sdP11","solo","e",2.66903811127625
"1090",0.7,"sdP12","co","e",2.23233418654099
"1091",0.7,"sdP12","comp","e",3.65230450582807
"1092",0.7,"sdP12","solo","e",1.62907010590159
"1093",0.7,"sdP13","co","c",4.61486845477225
"1094",0.7,"sdP13","comp","c",4.87546262718464
"1095",0.7,"sdP13","solo","c",4.57790740140324
"1096",0.7,"sdP14","co","e",3.8288145165831
"1097",0.7,"sdP14","comp","e",3.26504990099569
"1098",0.7,"sdP14","solo","e",6.40708448476831
"1099",0.7,"sdP15","co","e",4.99364651347127
"1100",0.7,"sdP15","comp","e",10.2899071511141
"1101",0.7,"sdP15","solo","e",9.02842118166157
"1102",0.7,"sdP18","comp","c",2.73484240020493
"1103",0.7,"sdP2","co","c",4.17153066475547
"1104",0.7,"sdP2","comp","c",4.23249476927343
"1105",0.7,"sdP2","solo","c",4.64195040449339
"1106",0.7,"sdP3","co","c",7.13089985964804
"1107",0.7,"sdP3","comp","c",8.21699526505883
"1108",0.7,"sdP3","solo","c",10.4804201697609
"1109",0.7,"sdP4","co","e",3.21297264307209
"1110",0.7,"sdP4","comp","e",4.36093293250812
"1111",0.7,"sdP4","solo","e",5.58651679136595
"1112",0.7,"sdP5","co","e",0.483510339841907
"1113",0.7,"sdP5","comp","e",3.23510976482433
"1114",0.7,"sdP5","solo","e",5.12163452803624
"1115",0.7,"sdP8","co","c",5.19072076632697
"1116",0.7,"sdP8","comp","c",4.64898286017855
"1117",0.7,"sdP8","solo","c",4.51012815013888
"1118",0.7,"sdP9","co","e",3.07758995741892
"1119",0.7,"sdP9","comp","e",5.48044869709926
"1120",0.7,"sdP9","solo","e",4.39949964808388
"1121",0.8,"","co","",0.151692574919737
"1122",0.8,"P31","co","c",5.47742561782245
"1123",0.8,"P31","comp","c",4.92044620628863
"1124",0.8,"P31","solo","c",4.34124620706226
"1125",0.8,"P33","co","e",3.1086723871096
"1126",0.8,"P33","comp","e",2.77460160700867
"1127",0.8,"P34","solo","c",9.41456801332663
"1128",0.8,"P35","co","c",6.9421955790019
"1129",0.8,"P35","comp","c",6.63305475102911
"1130",0.8,"P35","solo","c",6.60170166545319
"1131",0.8,"P36","co","c",4.44782714011362
"1132",0.8,"P36","solo","c",5.49478892113847
"1133",0.8,"P5","co","e",4.65821299547815
"1134",0.8,"P5","comp","e",4.23013380924846
"1135",0.8,"P5","solo","e",3.84034462896088
"1136",0.8,"P6","co","e",-0.560581245584794
"1137",0.8,"P6","comp","e",1.15256213258953
"1138",0.8,"P6","solo","e",0.486469761383064
"1139",0.8,"P7","co","e",3.09750239452887
"1140",0.8,"P7","comp","e",2.78825585620306
"1141",0.8,"P7","solo","e",2.62946902736566
"1142",0.8,"P9","co","e",0.130012317088605
"1143",0.8,"P9","comp","e",5.75839112402079
"1144",0.8,"P9","solo","e",5.60857684167237
"1145",0.8,"Py","comp","e",3.51461643604272
"1146",0.8,"nuP10","co","c",5.65461438874521
"1147",0.8,"nuP10","comp","c",5.21157606987693
"1148",0.8,"nuP10","solo","c",9.41874288606748
"1149",0.8,"nuP11","co","e",4.10983202233415
"1150",0.8,"nuP11","comp","e",3.2044840579305
"1151",0.8,"nuP11","solo","e",3.5369577678515
"1152",0.8,"nuP12","solo","e",4.79429172035212
"1153",0.8,"nuP13","co","e",10.7128215085112
"1154",0.8,"nuP13","comp","e",8.68563915445328
"1155",0.8,"nuP13","solo","e",12.8351116494684
"1156",0.8,"nuP14","co","e",1.4699455539491
"1157",0.8,"nuP14","comp","e",3.46851722143549
"1158",0.8,"nuP14","solo","e",3.51915304856827
"1159",0.8,"nuP15","co","c",1.59097912744627
"1160",0.8,"nuP15","comp","c",4.85671837549873
"1161",0.8,"nuP15","solo","c",5.92461723671668
"1162",0.8,"nuP17","co","c",6.57646631358652
"1163",0.8,"nuP17","comp","c",9.01446563388189
"1164",0.8,"nuP17","solo","c",9.55381607859243
"1165",0.8,"nuP18","co","c",3.65336586776153
"1166",0.8,"nuP18","comp","c",3.78932712408463
"1167",0.8,"nuP18","solo","c",5.74518179309635
"1168",0.8,"nuP19","co","c",6.81188704052705
"1169",0.8,"nuP19","comp","c",7.15219901180212
"1170",0.8,"nuP19","solo","c",8.21544606961339
"1171",0.8,"nuP20","co","c",8.77567582662243
"1172",0.8,"nuP20","comp","c",10.725414022088
"1173",0.8,"nuP20","solo","c",11.5937047790947
"1174",0.8,"nuP21","co","c",1.4981531141944
"1175",0.8,"nuP21","comp","c",3.57713319012958
"1176",0.8,"nuP21","solo","c",3.84911216495535
"1177",0.8,"nuP22","co","c",1.4537103532395
"1178",0.8,"nuP22","comp","c",2.59133834817535
"1179",0.8,"nuP22","solo","c",3.63344701887484
"1180",0.8,"nuP23","co","c",8.30582629093294
"1181",0.8,"nuP23","comp","c",8.68645938873236
"1182",0.8,"nuP23","solo","c",8.44540458826454
"1183",0.8,"nuP24","co","c",3.7454112120088
"1184",0.8,"nuP24","comp","c",5.2517481336922
"1185",0.8,"nuP24","solo","c",5.77105665118163
"1186",0.8,"nuP25","co","c",11.864352057488
"1187",0.8,"nuP25","comp","c",10.2140598766187
"1188",0.8,"nuP25","solo","c",7.80952274127583
"1189",0.8,"nuP28","co","c",3.26162009869329
"1190",0.8,"nuP28","comp","c",3.03607176667753
"1191",0.8,"nuP28","comp","e",2.4971059233175
"1192",0.8,"nuP28","solo","c",4.29136364335026
"1193",0.8,"nuP29","co","c",4.40490310847212
"1194",0.8,"nuP29","comp","c",7.14554894743071
"1195",0.8,"nuP29","solo","c",5.16796910542657
"1196",0.8,"nuP30","co","c",10.0580160405654
"1197",0.8,"nuP30","comp","c",11.1693325463802
"1198",0.8,"nuP30","solo","c",8.58027926195874
"1199",0.8,"nuP31","solo","c",5.5843134617507
"1200",0.8,"nuP32","co","c",6.99491559695148
"1201",0.8,"nuP32","comp","c",7.80223260781079
"1202",0.8,"nuP32","solo","c",8.81955599593833
"1203",0.8,"nuP33","solo","c",1.73827363572765
"1204",0.8,"nuP34","co","c",7.46794647904861
"1205",0.8,"nuP34","comp","c",8.9748131014393
"1206",0.8,"nuP34","solo","c",9.83172600517288
"1207",0.8,"nuP36","co","c",7.38080499206489
"1208",0.8,"nuP36","comp","c",5.94894814637233
"1209",0.8,"nuP36","solo","c",4.72581234507023
"1210",0.8,"nuP37","co","c",3.06525887744636
"1211",0.8,"nuP37","comp","c",4.27532151847375
"1212",0.8,"nuP37","solo","c",3.97288779184366
"1213",0.8,"nuP38","co","c",6.67682122352902
"1214",0.8,"nuP38","comp","c",12.0735252015645
"1215",0.8,"nuP38","solo","c",6.41291595132476
"1216",0.8,"p012","co","e",6.45906562471784
"1217",0.8,"p012","comp","e",5.42198883055359
"1218",0.8,"p012","solo","e",2.71703286500042
"1219",0.8,"sd10","co","e",1.47589803639107
"1220",0.8,"sd10","comp","e",3.68335638292434
"1221",0.8,"sd10","solo","e",6.20430905793458
"1222",0.8,"sd12","co","e",3.49457988086348
"1223",0.8,"sd12","solo","e",3.93182245106936
"1224",0.8,"sdP1","co","e",9.83072005369251
"1225",0.8,"sdP1","comp","e",9.67031392127786
"1226",0.8,"sdP1","solo","e",10.9631090506118
"1227",0.8,"sdP11","co","e",13.0861497131626
"1228",0.8,"sdP11","comp","e",7.59248094937586
"1229",0.8,"sdP11","solo","e",3.92975411620853
"1230",0.8,"sdP12","co","e",3.22042602580949
"1231",0.8,"sdP12","comp","e",4.01227257533084
"1232",0.8,"sdP12","solo","e",2.67223606564735
"1233",0.8,"sdP13","co","c",4.93583148629946
"1234",0.8,"sdP13","comp","c",5.22809459002065
"1235",0.8,"sdP13","solo","c",4.91965100087324
"1236",0.8,"sdP14","co","e",3.75300563184778
"1237",0.8,"sdP14","comp","e",3.31664819777322
"1238",0.8,"sdP14","solo","e",6.82371704532277
"1239",0.8,"sdP15","co","e",5.65814927561054
"1240",0.8,"sdP15","comp","e",11.8692841835166
"1241",0.8,"sdP15","solo","e",10.1789559555095
"1242",0.8,"sdP18","comp","c",4.07000822463763
"1243",0.8,"sdP2","co","c",5.86596289882088
"1244",0.8,"sdP2","comp","c",5.23769896626855
"1245",0.8,"sdP2","solo","c",5.03099356019756
"1246",0.8,"sdP3","co","c",7.72907190928138
"1247",0.8,"sdP3","comp","c",8.06550663896134
"1248",0.8,"sdP3","solo","c",9.58301509058023
"1249",0.8,"sdP4","co","e",4.38390208754949
"1250",0.8,"sdP4","comp","e",4.63591533516365
"1251",0.8,"sdP4","solo","e",5.2423066141675
"1252",0.8,"sdP5","co","e",1.3629126188961
"1253",0.8,"sdP5","comp","e",5.47538511475609
"1254",0.8,"sdP5","solo","e",6.94838104398058
"1255",0.8,"sdP8","co","c",5.81058271350852
"1256",0.8,"sdP8","comp","c",5.89043262206632
"1257",0.8,"sdP8","solo","c",5.42073415919994
"1258",0.8,"sdP9","co","e",3.49819259883144
"1259",0.8,"sdP9","comp","e",6.48716183370821
"1260",0.8,"sdP9","solo","e",5.77330841168049
"1261",0.9,"","co","",-0.275558482419308
"1262",0.9,"P31","co","c",6.25752504779763
"1263",0.9,"P31","comp","c",6.13342611862253
"1264",0.9,"P31","solo","c",4.68100358494757
"1265",0.9,"P33","co","e",3.91293381217691
"1266",0.9,"P33","comp","e",3.9299162123814
"1267",0.9,"P34","solo","c",12.916996796859
"1268",0.9,"P35","co","c",8.6628257941465
"1269",0.9,"P35","comp","c",8.16363322143413
"1270",0.9,"P35","solo","c",8.14076716296588
"1271",0.9,"P36","co","c",4.34968877369166
"1272",0.9,"P36","solo","c",6.54797822006235
"1273",0.9,"P5","co","e",5.04624435136996
"1274",0.9,"P5","comp","e",4.91965186686426
"1275",0.9,"P5","solo","e",6.33242687622219
"1276",0.9,"P6","co","e",0.384395346229948
"1277",0.9,"P6","comp","e",2.91347328149251
"1278",0.9,"P6","solo","e",2.71852934609645
"1279",0.9,"P7","co","e",5.07671548665446
"1280",0.9,"P7","comp","e",4.921496815985
"1281",0.9,"P7","solo","e",3.37839239685255
"1282",0.9,"P9","co","e",0.336999498706723
"1283",0.9,"P9","comp","e",6.81510104203491
"1284",0.9,"P9","solo","e",7.3363072020474
"1285",0.9,"Py","comp","e",4.44024920739758
"1286",0.9,"nuP10","co","c",5.98068355031441
"1287",0.9,"nuP10","comp","c",5.53505549677106
"1288",0.9,"nuP10","solo","c",9.79473621865585
"1289",0.9,"nuP11","co","e",4.73262509387279
"1290",0.9,"nuP11","comp","e",4.09756165435787
"1291",0.9,"nuP11","solo","e",4.73093624516372
"1292",0.9,"nuP12","solo","e",5.39512476172185
"1293",0.9,"nuP13","co","e",11.2077745119981
"1294",0.9,"nuP13","comp","e",9.03694151936762
"1295",0.9,"nuP13","solo","e",13.1259250956096
"1296",0.9,"nuP14","co","e",1.75332857445404
"1297",0.9,"nuP14","comp","e",4.08397528176953
"1298",0.9,"nuP14","solo","e",4.89251614435795
"1299",0.9,"nuP15","co","c",2.99863437886754
"1300",0.9,"nuP15","comp","c",6.57897812811433
"1301",0.9,"nuP15","solo","c",7.51454447854782
"1302",0.9,"nuP17","co","c",7.67002648305548
"1303",0.9,"nuP17","comp","c",11.0657703709556
"1304",0.9,"nuP17","solo","c",10.1384382756144
"1305",0.9,"nuP18","co","c",5.87118306333184
"1306",0.9,"nuP18","comp","c",6.53678830086421
"1307",0.9,"nuP18","solo","c",7.48630258005984
"1308",0.9,"nuP19","co","c",6.85353666941114
"1309",0.9,"nuP19","comp","c",7.70805074078212
"1310",0.9,"nuP19","solo","c",8.68556369078592
"1311",0.9,"nuP20","co","c",9.72827581505515
"1312",0.9,"nuP20","comp","c",11.9006347535507
"1313",0.9,"nuP20","solo","c",12.7240319258155
"1314",0.9,"nuP21","co","c",2.67537884332495
"1315",0.9,"nuP21","comp","c",5.40595591044534
"1316",0.9,"nuP21","solo","c",4.8384013164127
"1317",0.9,"nuP22","co","c",2.52199737361391
"1318",0.9,"nuP22","comp","c",3.36625509153456
"1319",0.9,"nuP22","solo","c",4.80674592854867
"1320",0.9,"nuP23","co","c",9.31175864113051
"1321",0.9,"nuP23","comp","c",9.95011961806394
"1322",0.9,"nuP23","solo","c",9.70345794975226
"1323",0.9,"nuP24","co","c",4.72844238247391
"1324",0.9,"nuP24","comp","c",6.35645011345468
"1325",0.9,"nuP24","solo","c",5.92594001407465
"1326",0.9,"nuP25","co","c",11.7429940236083
"1327",0.9,"nuP25","comp","c",11.3301483970011
"1328",0.9,"nuP25","solo","c",7.24125134936828
"1329",0.9,"nuP28","co","c",2.95047502353994
"1330",0.9,"nuP28","comp","c",2.97112011277129
"1331",0.9,"nuP28","comp","e",3.93140587769557
"1332",0.9,"nuP28","solo","c",4.82466130292066
"1333",0.9,"nuP29","co","c",5.12155951319613
"1334",0.9,"nuP29","comp","c",8.54643394155278
"1335",0.9,"nuP29","solo","c",5.94167386999312
"1336",0.9,"nuP30","co","c",9.07108386889317
"1337",0.9,"nuP30","comp","c",10.1711495803936
"1338",0.9,"nuP30","solo","c",7.92762296198875
"1339",0.9,"nuP31","solo","c",5.82373688002159
"1340",0.9,"nuP32","co","c",6.67728094864492
"1341",0.9,"nuP32","comp","c",8.92883845706092
"1342",0.9,"nuP32","solo","c",8.87011496897482
"1343",0.9,"nuP33","solo","c",2.66103666649789
"1344",0.9,"nuP34","co","c",9.26760512665726
"1345",0.9,"nuP34","comp","c",11.2294786840371
"1346",0.9,"nuP34","solo","c",11.8926969116481
"1347",0.9,"nuP36","co","c",8.43806152761648
"1348",0.9,"nuP36","comp","c",7.35215202094567
"1349",0.9,"nuP36","solo","c",6.07719548942501
"1350",0.9,"nuP37","co","c",3.59014619717341
"1351",0.9,"nuP37","comp","c",4.5490192999872
"1352",0.9,"nuP37","solo","c",4.82757259830966
"1353",0.9,"nuP38","co","c",7.45029239493552
"1354",0.9,"nuP38","comp","c",13.5399447611677
"1355",0.9,"nuP38","solo","c",7.41258478493777
"1356",0.9,"p012","co","e",7.40766543134327
"1357",0.9,"p012","comp","e",5.902892127851
"1358",0.9,"p012","solo","e",3.09934947744243
"1359",0.9,"sd10","co","e",2.09292113618711
"1360",0.9,"sd10","comp","e",5.41477762356531
"1361",0.9,"sd10","solo","e",7.60597134139995
"1362",0.9,"sd12","co","e",3.84594956837256
"1363",0.9,"sd12","solo","e",3.89251726167665
"1364",0.9,"sdP1","co","e",10.3076286011128
"1365",0.9,"sdP1","comp","e",10.5789458074107
"1366",0.9,"sdP1","solo","e",11.1091120262418
"1367",0.9,"sdP11","co","e",15.087509529077
"1368",0.9,"sdP11","comp","e",8.08944714683037
"1369",0.9,"sdP11","solo","e",4.70201716693931
"1370",0.9,"sdP12","co","e",2.9881725921036
"1371",0.9,"sdP12","comp","e",4.6803519251189
"1372",0.9,"sdP12","solo","e",3.74978417340652
"1373",0.9,"sdP13","co","c",5.37756525175368
"1374",0.9,"sdP13","comp","c",7.14243096457093
"1375",0.9,"sdP13","solo","c",5.46747302296221
"1376",0.9,"sdP14","co","e",4.38356681850621
"1377",0.9,"sdP14","comp","e",4.19532226772284
"1378",0.9,"sdP14","solo","e",7.49590541494198
"1379",0.9,"sdP15","co","e",6.38609888393562
"1380",0.9,"sdP15","comp","e",12.9485138183005
"1381",0.9,"sdP15","solo","e",10.9842788721972
"1382",0.9,"sdP18","comp","c",6.27920206311426
"1383",0.9,"sdP2","co","c",6.40921565936398
"1384",0.9,"sdP2","comp","c",5.63274136764921
"1385",0.9,"sdP2","solo","c",5.61362537180336
"1386",0.9,"sdP3","co","c",7.62813880984808
"1387",0.9,"sdP3","comp","c",7.98258585240294
"1388",0.9,"sdP3","solo","c",9.5468756111805
"1389",0.9,"sdP4","co","e",3.83603747684004
"1390",0.9,"sdP4","comp","e",4.9452178740777
"1391",0.9,"sdP4","solo","e",5.11666013935191
"1392",0.9,"sdP5","co","e",3.14470946711236
"1393",0.9,"sdP5","comp","e",7.0553496909222
"1394",0.9,"sdP5","solo","e",8.54820622031256
"1395",0.9,"sdP8","co","c",7.12334082772919
"1396",0.9,"sdP8","comp","c",6.98790894792671
"1397",0.9,"sdP8","solo","c",6.28069144779471
"1398",0.9,"sdP9","co","e",4.25054096516949
"1399",0.9,"sdP9","comp","e",7.94042100091863
"1400",0.9,"sdP9","solo","e",6.69509796902391
